series_id,label,column,maturity_years,title,units,frequency,seasonal_adjustment,observation_start,observation_end,last_updated,notes
DGS1MO,1M,yield_1mo,0.08333333333333333,"Market Yield on U.S. Treasury Securities at 1-Month Constant Maturity, Quoted on an Investment Basis",Percent,Daily,Not Seasonally Adjusted,2001-07-31,2026-06-11,2026-06-12 15:18:01-05,"H.15 Statistical Release notes (https://www.federalreserve.gov/releases/h15/default.htm) and the Treasury Yield Curve Methodology (https://home.treasury.gov/policy-issues/financing-the-government/interest-rate-statistics/treasury-yield-curve-methodology).

For questions on the data, please contact the data source (https://www.federalreserve.gov/apps/ContactUs/feedback.aspx?refurl=/releases/h15/%). For questions on FRED functionality, please contact us here (https://fred.stlouisfed.org/contactus/).</p>"
DGS3MO,3M,yield_3mo,0.25,"Market Yield on U.S. Treasury Securities at 3-Month Constant Maturity, Quoted on an Investment Basis",Percent,Daily,Not Seasonally Adjusted,1981-09-01,2026-06-11,2026-06-12 15:16:54-05,"H.15 Statistical Release notes (https://www.federalreserve.gov/releases/h15/default.htm) and the Treasury Yield Curve Methodology (https://home.treasury.gov/policy-issues/financing-the-government/interest-rate-statistics/treasury-yield-curve-methodology).

For questions on the data, please contact the data source (https://www.federalreserve.gov/apps/ContactUs/feedback.aspx?refurl=/releases/h15/%). For questions on FRED functionality, please contact us here (https://fred.stlouisfed.org/contactus/).</p>"
DGS6MO,6M,yield_6mo,0.5,"Market Yield on U.S. Treasury Securities at 6-Month Constant Maturity, Quoted on an Investment Basis",Percent,Daily,Not Seasonally Adjusted,1981-09-01,2026-06-11,2026-06-12 15:16:50-05,"H.15 Statistical Release notes (https://www.federalreserve.gov/releases/h15/default.htm) and the Treasury Yield Curve Methodology (https://home.treasury.gov/policy-issues/financing-the-government/interest-rate-statistics/treasury-yield-curve-methodology).

For questions on the data, please contact the data source (https://www.federalreserve.gov/apps/ContactUs/feedback.aspx?refurl=/releases/h15/%). For questions on FRED functionality, please contact us here (https://fred.stlouisfed.org/contactus/).</p>"
DGS1,1Y,yield_1y,1.0,"Market Yield on U.S. Treasury Securities at 1-Year Constant Maturity, Quoted on an Investment Basis",Percent,Daily,Not Seasonally Adjusted,1962-01-02,2026-06-11,2026-06-12 15:16:24-05,"H.15 Statistical Release notes (https://www.federalreserve.gov/releases/h15/default.htm) and the Treasury Yield Curve Methodology (https://home.treasury.gov/policy-issues/financing-the-government/interest-rate-statistics/treasury-yield-curve-methodology).

For questions on the data, please contact the data source (https://www.federalreserve.gov/apps/ContactUs/feedback.aspx?refurl=/releases/h15/%). For questions on FRED functionality, please contact us here (https://fred.stlouisfed.org/contactus/).</p>"
DGS2,2Y,yield_2y,2.0,"Market Yield on U.S. Treasury Securities at 2-Year Constant Maturity, Quoted on an Investment Basis",Percent,Daily,Not Seasonally Adjusted,1976-06-01,2026-06-11,2026-06-12 15:17:54-05,"H.15 Statistical Release notes (https://www.federalreserve.gov/releases/h15/default.htm) and the Treasury Yield Curve Methodology (https://home.treasury.gov/policy-issues/financing-the-government/interest-rate-statistics/treasury-yield-curve-methodology).

For questions on the data, please contact the data source (https://www.federalreserve.gov/apps/ContactUs/feedback.aspx?refurl=/releases/h15/%). For questions on FRED functionality, please contact us here (https://fred.stlouisfed.org/contactus/).</p>"
DGS3,3Y,yield_3y,3.0,"Market Yield on U.S. Treasury Securities at 3-Year Constant Maturity, Quoted on an Investment Basis",Percent,Daily,Not Seasonally Adjusted,1962-01-02,2026-06-11,2026-06-12 15:16:38-05,"H.15 Statistical Release notes (https://www.federalreserve.gov/releases/h15/default.htm) and the Treasury Yield Curve Methodology (https://home.treasury.gov/policy-issues/financing-the-government/interest-rate-statistics/treasury-yield-curve-methodology).

For questions on the data, please contact the data source (https://www.federalreserve.gov/apps/ContactUs/feedback.aspx?refurl=/releases/h15/%). For questions on FRED functionality, please contact us here (https://fred.stlouisfed.org/contactus/).</p>"
DGS5,5Y,yield_5y,5.0,"Market Yield on U.S. Treasury Securities at 5-Year Constant Maturity, Quoted on an Investment Basis",Percent,Daily,Not Seasonally Adjusted,1962-01-02,2026-06-11,2026-06-12 15:17:34-05,"H.15 Statistical Release notes (https://www.federalreserve.gov/releases/h15/default.htm) and the Treasury Yield Curve Methodology (https://home.treasury.gov/policy-issues/financing-the-government/interest-rate-statistics/treasury-yield-curve-methodology).

For questions on the data, please contact the data source (https://www.federalreserve.gov/apps/ContactUs/feedback.aspx?refurl=/releases/h15/%). For questions on FRED functionality, please contact us here (https://fred.stlouisfed.org/contactus/).</p>"
DGS7,7Y,yield_7y,7.0,"Market Yield on U.S. Treasury Securities at 7-Year Constant Maturity, Quoted on an Investment Basis",Percent,Daily,Not Seasonally Adjusted,1969-07-01,2026-06-11,2026-06-12 15:18:27-05,"H.15 Statistical Release notes (https://www.federalreserve.gov/releases/h15/default.htm) and the Treasury Yield Curve Methodology (https://home.treasury.gov/policy-issues/financing-the-government/interest-rate-statistics/treasury-yield-curve-methodology).

For questions on the data, please contact the data source (https://www.federalreserve.gov/apps/ContactUs/feedback.aspx?refurl=/releases/h15/%). For questions on FRED functionality, please contact us here (https://fred.stlouisfed.org/contactus/).</p>"
DGS10,10Y,yield_10y,10.0,"Market Yield on U.S. Treasury Securities at 10-Year Constant Maturity, Quoted on an Investment Basis",Percent,Daily,Not Seasonally Adjusted,1962-01-02,2026-06-11,2026-06-12 15:17:57-05,"H.15 Statistical Release (https://www.federalreserve.gov/releases/h15/current/h15.pdf) notes and Treasury Yield Curve Methodology (https://www.treasury.gov/resource-center/data-chart-center/interest-rates/Pages/yieldmethod.aspx).

For questions on the data, please contact the data source (https://www.federalreserve.gov/apps/ContactUs/feedback.aspx?refurl=/releases/h15/%). For questions on FRED functionality, please contact us here (https://fred.stlouisfed.org/contactus/).</p>"
DGS20,20Y,yield_20y,20.0,"Market Yield on U.S. Treasury Securities at 20-Year Constant Maturity, Quoted on an Investment Basis",Percent,Daily,Not Seasonally Adjusted,1962-01-02,2026-06-11,2026-06-12 15:18:02-05,"H.15 Statistical Release notes (https://www.federalreserve.gov/releases/h15/default.htm) and the Treasury Yield Curve Methodology (https://home.treasury.gov/policy-issues/financing-the-government/interest-rate-statistics/treasury-yield-curve-methodology).

For questions on the data, please contact the data source (https://www.federalreserve.gov/apps/ContactUs/feedback.aspx?refurl=/releases/h15/%). For questions on FRED functionality, please contact us here (https://fred.stlouisfed.org/contactus/).</p>"
DGS30,30Y,yield_30y,30.0,"Market Yield on U.S. Treasury Securities at 30-Year Constant Maturity, Quoted on an Investment Basis",Percent,Daily,Not Seasonally Adjusted,1977-02-15,2026-06-11,2026-06-12 15:18:06-05,"H.15 Statistical Release notes (https://www.federalreserve.gov/releases/h15/default.htm) and the Treasury Yield Curve Methodology (https://home.treasury.gov/policy-issues/financing-the-government/interest-rate-statistics/treasury-yield-curve-methodology).

For questions on the data, please contact the data source (https://www.federalreserve.gov/apps/ContactUs/feedback.aspx?refurl=/releases/h15/%). For questions on FRED functionality, please contact us here (https://fred.stlouisfed.org/contactus/).</p>"
