series_id,label,column,title,units,frequency,seasonal_adjustment,observation_start,observation_end,last_updated,notes
FEDTARMDLR,Longer-Run Median,longrun_median,"Longer Run FOMC Summary of Economic Projections for the Fed Funds Rate, Median",Percent,Not Applicable,Not Seasonally Adjusted,2012-01-25,2026-03-18,2026-03-18 14:09:47-05,"The longer-run projections are the rates of growth, inflation, unemployment, and federal funds rate to which a policymaker expects the economy to converge over time in the absence of further shocks and under appropriate monetary policy. Because appropriate monetary policy, by definition, is aimed at achieving the Federal Reserve's dual mandate of maximum employment and price stability in the longer run, policymakers' longer-run projections for economic growth and unemployment may be interpreted, respectively, as estimates of the economy's longer-run potential growth rate and the longer-run normal rate of unemployment; similarly, the longer-run projection of inflation is the rate of inflation which the FOMC judges to be most consistent with its dual mandate in the longer-term.

The projections for the federal funds rate are the value of the midpoint of the projected appropriate target range for the federal funds rate or the projected appropriate target level for the federal funds rate at the end of the specified calendar year or over the longer run. Each participant's projections are based on his or her assessment of appropriate monetary policy. The range for each variable in a given year includes all participants' projections, from lowest to highest, for that variable in the given year. This series represents the median value of the range forecast established by the Federal Open Market Committee. For each period, the median is the middle projection when the projections are arranged from lowest to highest. When the number of projections is even, the median is the average of the two middle projections.

Digitized originals of this release can be found at https://fraser.stlouisfed.org/publication/?pid=677."
FEDTARCTLLR,Central Tendency Low,central_tendency_low,"Longer Run FOMC Summary of Economic Projections for the Fed Funds Rate, Central Tendency, Low",Percent,Not Applicable,Not Seasonally Adjusted,2015-06-17,2026-03-18,2026-03-18 14:09:43-05,"The longer-run projections are the rates of growth, inflation, unemployment, and federal funds rate to which a policymaker expects the economy to converge over time in the absence of further shocks and under appropriate monetary policy. Because appropriate monetary policy, by definition, is aimed at achieving the Federal Reserve's dual mandate of maximum employment and price stability in the longer run, policymakers' longer-run projections for economic growth and unemployment may be interpreted, respectively, as estimates of the economy's longer-run potential growth rate and the longer-run normal rate of unemployment; similarly, the longer-run projection of inflation is the rate of inflation which the FOMC judges to be most consistent with its dual mandate in the longer-term.

The projections for the federal funds rate are the value of the midpoint of the projected appropriate target range for the federal funds rate or the projected appropriate target level for the federal funds rate at the end of the specified calendar year or over the longer run. Each participant's projections are based on his or her assessment of appropriate monetary policy. The range for each variable in a given year includes all participants' projections, from lowest to highest, for that variable in the given year; the central tendencies exclude the three highest and three lowest projections for each year. This series represents the low value of the central tendency forecast established by the Federal Open Market Committee.

Digitized originals of this release can be found at https://fraser.stlouisfed.org/publication/?pid=677."
FEDTARCTMLR,Central Tendency Midpoint,central_tendency_midpoint,"Longer Run FOMC Summary of Economic Projections for the Fed Funds Rate, Central Tendency, Midpoint",Percent,Not Applicable,Not Seasonally Adjusted,2015-06-17,2026-03-18,2026-03-18 14:09:45-05,"The longer-run projections are the rates of growth, inflation, unemployment, and federal funds rate to which a policymaker expects the economy to converge over time in the absence of further shocks and under appropriate monetary policy. Because appropriate monetary policy, by definition, is aimed at achieving the Federal Reserve's dual mandate of maximum employment and price stability in the longer run, policymakers' longer-run projections for economic growth and unemployment may be interpreted, respectively, as estimates of the economy's longer-run potential growth rate and the longer-run normal rate of unemployment; similarly, the longer-run projection of inflation is the rate of inflation which the FOMC judges to be most consistent with its dual mandate in the longer-term.

The projections for the federal funds rate are the value of the midpoint of the projected appropriate target range for the federal funds rate or the projected appropriate target level for the federal funds rate at the end of the specified calendar year or over the longer run. Each participant's projections are based on his or her assessment of appropriate monetary policy. The range for each variable in a given year includes all participants' projections, from lowest to highest, for that variable in the given year; the central tendencies exclude the three highest and three lowest projections for each year. This series represents the midpoint of the central tendency forecast's high and low values established by the Federal Open Market Committee.

Digitized originals of this release can be found at https://fraser.stlouisfed.org/publication/?pid=677."
FEDTARCTHLR,Central Tendency High,central_tendency_high,"Longer Run FOMC Summary of Economic Projections for the Fed Funds Rate, Central Tendency, High",Percent,Not Applicable,Not Seasonally Adjusted,2015-06-17,2026-03-18,2026-03-18 14:09:46-05,"The longer-run projections are the rates of growth, inflation, unemployment, and federal funds rate to which a policymaker expects the economy to converge over time in the absence of further shocks and under appropriate monetary policy. Because appropriate monetary policy, by definition, is aimed at achieving the Federal Reserve's dual mandate of maximum employment and price stability in the longer run, policymakers' longer-run projections for economic growth and unemployment may be interpreted, respectively, as estimates of the economy's longer-run potential growth rate and the longer-run normal rate of unemployment; similarly, the longer-run projection of inflation is the rate of inflation which the FOMC judges to be most consistent with its dual mandate in the longer-term.

The projections for the federal funds rate are the value of the midpoint of the projected appropriate target range for the federal funds rate or the projected appropriate target level for the federal funds rate at the end of the specified calendar year or over the longer run. Each participant's projections are based on his or her assessment of appropriate monetary policy. The range for each variable in a given year includes all participants' projections, from lowest to highest, for that variable in the given year; the central tendencies exclude the three highest and three lowest projections for each year. This series represents the high value of the central tendency forecast established by the Federal Open Market Committee.

Digitized originals of this release can be found at https://fraser.stlouisfed.org/publication/?pid=677."
