survey_date,distributed_date,received_by_date,panel,market_median,sep_release_date,sep_longrun_median,target_date,target_midpoint,market_minus_sep_pp,market_minus_sep_bps,target_minus_sep_pp,target_minus_sep_bps,market_minus_target_bps,days_since_sep_release,source,local_path,receipt_source_file
2012-06-01,2012-06-07,2012-06-11,SPD,4.0,2012-04-25,4.3,2012-06-11,0.125,-0.2999999999999998,-30.0,-4.175,-417.5,387.5,47,pdf_llm,data_raw/2012-June_result.pdf,data_raw/2012-June_result.pdf
2012-08-01,2012-07-19,2012-07-23,SPD,4.0,2012-06-20,4.3,2012-07-23,0.125,-0.2999999999999998,-30.0,-4.175,-417.5,387.5,33,pdf_llm,data_raw/2012-august_result.pdf,data_raw/2012-august_result.pdf
2012-09-01,2012-08-31,2012-09-04,SPD,4.0,2012-06-20,4.3,2012-09-04,0.125,-0.2999999999999998,-30.0,-4.175,-417.5,387.5,76,pdf_llm,data_raw/2012-September_result.pdf,data_raw/2012-September_result.pdf
2012-10-01,2012-10-11,2012-10-15,SPD,4.0,2012-09-13,4.0,2012-10-15,0.125,0.0,0.0,-3.875,-387.5,387.5,32,pdf_llm,data_raw/2012-October_result.pdf,data_raw/2012-October_result.pdf
2012-12-01,2012-11-29,2012-12-03,SPD,4.0,2012-09-13,4.0,2012-12-03,0.125,0.0,0.0,-3.875,-387.5,387.5,81,pdf_llm,data_raw/2012-December_result.pdf,data_raw/2012-December_result.pdf
2013-01-01,2013-01-17,2013-01-22,SPD,4.0,2012-12-12,4.0,2013-01-22,0.125,0.0,0.0,-3.875,-387.5,387.5,41,pdf_llm,data_raw/2013-January_result.pdf,data_raw/2013-January_result.pdf
2013-03-01,2013-03-07,2013-03-11,SPD,4.0,2012-12-12,4.0,2013-03-11,0.125,0.0,0.0,-3.875,-387.5,387.5,89,pdf_llm,data_raw/2013-March_result.pdf,data_raw/2013-March_result.pdf
2013-04-01,2013-04-18,2013-04-22,SPD,4.0,2013-03-20,4.0,2013-04-22,0.125,0.0,0.0,-3.875,-387.5,387.5,33,pdf_llm,data_raw/2013-April_result.pdf,data_raw/2013-April_result.pdf
2013-06-01,2013-06-06,2013-06-10,SPD,4.0,2013-03-20,4.0,2013-06-10,0.125,0.0,0.0,-3.875,-387.5,387.5,82,pdf_llm,data_raw/2013-June_result.pdf,data_raw/2013-June_result.pdf
2013-07-01,2013-07-17,2013-07-22,SPD,4.0,2013-06-19,4.0,2013-07-22,0.125,0.0,0.0,-3.875,-387.5,387.5,33,pdf_llm,data_raw/2013-July_result.pdf,data_raw/2013-July_result.pdf
2013-09-01,2013-09-05,2013-09-09,SPD,4.0,2013-06-19,4.0,2013-09-09,0.125,0.0,0.0,-3.875,-387.5,387.5,82,pdf_llm,data_raw/2013-September_result.pdf,data_raw/2013-September_result.pdf
2013-10-01,2013-10-17,2013-10-22,SPD,4.0,2013-09-18,4.0,2013-10-22,0.125,0.0,0.0,-3.875,-387.5,387.5,34,pdf_llm,data_raw/2013-October_result.pdf,data_raw/2013-October_result.pdf
2013-12-01,2013-12-05,2013-12-09,SPD,4.0,2013-09-18,4.0,2013-12-09,0.125,0.0,0.0,-3.875,-387.5,387.5,82,pdf_llm,data_raw/2013-December_result.pdf,data_raw/2013-December_result.pdf
2014-01-01,2014-01-16,2014-01-21,SMP,3.88,2013-12-18,4.0,2014-01-21,0.125,-0.1200000000000001,-12.0,-3.875,-387.5,375.5,34,pdf_llm,data_raw/2014-mp_January_result.pdf,data_raw/2014-mp_January_result.pdf
2014-01-01,2014-01-16,2014-01-21,SPD,4.0,2013-12-18,4.0,2014-01-21,0.125,0.0,0.0,-3.875,-387.5,387.5,34,pdf_llm,data_raw/2014-January_result.pdf,data_raw/2014-January_result.pdf
2014-03-01,2014-03-06,2014-03-10,SMP,3.75,2013-12-18,4.0,2014-03-10,0.125,-0.25,-25.0,-3.875,-387.5,362.5,82,pdf_llm,data_raw/2014-mp_March_result.pdf,data_raw/2014-mp_March_result.pdf
2014-03-01,2014-03-06,2014-03-10,SPD,3.75,2013-12-18,4.0,2014-03-10,0.125,-0.25,-25.0,-3.875,-387.5,362.5,82,pdf_llm,data_raw/2014-March_result.pdf,data_raw/2014-March_result.pdf
2014-04-01,2014-04-17,2014-04-22,SMP,3.75,2014-03-19,4.0,2014-04-22,0.125,-0.25,-25.0,-3.875,-387.5,362.5,34,pdf_llm,data_raw/2014-mp_April_result.pdf,data_raw/2014-mp_April_result.pdf
2014-04-01,2014-04-17,2014-04-22,SPD,3.75,2014-03-19,4.0,2014-04-22,0.125,-0.25,-25.0,-3.875,-387.5,362.5,34,pdf_llm,data_raw/2014-April_result.pdf,data_raw/2014-April_result.pdf
2014-06-01,2014-06-05,2014-06-09,SMP,3.75,2014-03-19,4.0,2014-06-09,0.125,-0.25,-25.0,-3.875,-387.5,362.5,82,pdf_llm,data_raw/2014-mp_June_result.pdf,data_raw/2014-mp_June_result.pdf
2014-06-01,2014-06-05,2014-06-09,SPD,3.5,2014-03-19,4.0,2014-06-09,0.125,-0.5,-50.0,-3.875,-387.5,337.5,82,pdf_llm,data_raw/2014-June_result.pdf,data_raw/2014-June_result.pdf
2014-07-01,2014-07-16,2014-07-21,SMP,3.63,2014-06-18,3.8,2014-07-21,0.125,-0.16999999999999993,-17.0,-3.675,-367.5,350.5,33,pdf_llm,data_raw/2014-mp_July_result.pdf,data_raw/2014-mp_July_result.pdf
2014-07-01,2014-07-16,2014-07-21,SPD,3.5,2014-06-18,3.8,2014-07-21,0.125,-0.2999999999999998,-30.0,-3.675,-367.5,337.5,33,pdf_llm,data_raw/2014-July_result.pdf,data_raw/2014-July_result.pdf
2014-09-01,2014-09-04,2014-09-08,SMP,3.75,2014-06-18,3.8,2014-09-08,0.125,-0.04999999999999982,-5.0,-3.675,-367.5,362.5,82,pdf_llm,data_raw/2014-mp_September_result.pdf,data_raw/2014-mp_September_result.pdf
2014-09-01,2014-09-04,2014-09-08,SPD,3.5,2014-06-18,3.8,2014-09-08,0.125,-0.2999999999999998,-30.0,-3.675,-367.5,337.5,82,pdf_llm,data_raw/2014-September_result.pdf,data_raw/2014-September_result.pdf
2014-10-01,2014-10-16,2014-10-20,SMP,3.5,2014-09-17,3.8,2014-10-20,0.125,-0.2999999999999998,-30.0,-3.675,-367.5,337.5,33,pdf_llm,data_raw/2014-mp_October_result.pdf,data_raw/2014-mp_October_result.pdf
2014-10-01,2014-10-16,2014-10-20,SPD,3.5,2014-09-17,3.8,2014-10-20,0.125,-0.2999999999999998,-30.0,-3.675,-367.5,337.5,33,pdf_llm,data_raw/2014-October_result.pdf,data_raw/2014-October_result.pdf
2014-12-01,2014-12-04,2014-12-08,SMP,3.5,2014-09-17,3.8,2014-12-08,0.125,-0.2999999999999998,-30.0,-3.675,-367.5,337.5,82,pdf_llm,data_raw/2014-mp_December_result.pdf,data_raw/2014-mp_December_result.pdf
2014-12-01,2014-12-04,2014-12-08,SPD,3.5,2014-09-17,3.8,2014-12-08,0.125,-0.2999999999999998,-30.0,-3.675,-367.5,337.5,82,pdf_llm,data_raw/2014-December_result.pdf,data_raw/2014-December_result.pdf
2015-01-01,2015-01-15,2015-01-20,SMP,3.5,2014-12-17,3.8,2015-01-20,0.125,-0.2999999999999998,-30.0,-3.675,-367.5,337.5,34,pdf_llm,data_raw/mp-January-result.pdf,data_raw/mp-January-result.pdf
2015-01-01,2015-01-15,2015-01-20,SPD,3.5,2014-12-17,3.8,2015-01-20,0.125,-0.2999999999999998,-30.0,-3.675,-367.5,337.5,34,pdf_llm,data_raw/January-result.pdf,data_raw/January-result.pdf
2015-03-01,2015-03-05,2015-03-09,SMP,3.5,2014-12-17,3.8,2015-03-09,0.125,-0.2999999999999998,-30.0,-3.675,-367.5,337.5,82,pdf_llm,data_raw/mp-March-result.pdf,data_raw/mp-March-result.pdf
2015-03-01,2015-03-05,2015-03-09,SPD,3.5,2014-12-17,3.8,2015-03-09,0.125,-0.2999999999999998,-30.0,-3.675,-367.5,337.5,82,pdf_llm,data_raw/March-result.pdf,data_raw/March-result.pdf
2015-04-01,2015-04-16,2015-04-20,SMP,3.5,2015-03-18,3.8,2015-04-20,0.125,-0.2999999999999998,-30.0,-3.675,-367.5,337.5,33,pdf_llm,data_raw/mp-April-result.pdf,data_raw/mp-April-result.pdf
2015-04-01,2015-04-16,2015-04-20,SPD,3.5,2015-03-18,3.8,2015-04-20,0.125,-0.2999999999999998,-30.0,-3.675,-367.5,337.5,33,pdf_llm,data_raw/April-result.pdf,data_raw/April-result.pdf
2015-06-01,2015-06-04,2015-06-08,SMP,3.5,2015-03-18,3.8,2015-06-08,0.125,-0.2999999999999998,-30.0,-3.675,-367.5,337.5,82,pdf_llm,data_raw/mp-June-result.pdf,data_raw/mp-June-result.pdf
2015-06-01,2015-06-04,2015-06-08,SPD,3.5,2015-03-18,3.8,2015-06-08,0.125,-0.2999999999999998,-30.0,-3.675,-367.5,337.5,82,pdf_llm,data_raw/June-result.pdf,data_raw/June-result.pdf
2015-07-01,2015-07-15,2015-07-20,SMP,3.5,2015-06-17,3.8,2015-07-20,0.125,-0.2999999999999998,-30.0,-3.675,-367.5,337.5,33,pdf_llm,data_raw/mp-July-result.pdf,data_raw/mp-July-result.pdf
2015-07-01,2015-07-15,2015-07-20,SPD,3.38,2015-06-17,3.8,2015-07-20,0.125,-0.41999999999999993,-42.0,-3.675,-367.5,325.5,33,pdf_llm,data_raw/July-result.pdf,data_raw/July-result.pdf
2015-09-01,2015-09-03,2015-09-08,SMP,3.5,2015-06-17,3.8,2015-09-08,0.125,-0.2999999999999998,-30.0,-3.675,-367.5,337.5,83,pdf_llm,data_raw/mp-sep-result.pdf,data_raw/mp-sep-result.pdf
2015-09-01,2015-09-03,2015-09-08,SPD,3.38,2015-06-17,3.8,2015-09-08,0.125,-0.41999999999999993,-42.0,-3.675,-367.5,325.5,83,pdf_llm,data_raw/Sep-results.pdf,data_raw/Sep-results.pdf
2015-12-01,2015-12-03,2015-12-07,SMP,3.0,2015-09-17,3.5,2015-12-07,0.125,-0.5,-50.0,-3.375,-337.5,287.5,81,pdf_llm,data_raw/mp-Dec-2015-results.pdf,data_raw/mp-Dec-2015-results.pdf
2015-12-01,2015-12-03,2015-12-07,SPD,3.25,2015-09-17,3.5,2015-12-07,0.125,-0.25,-25.0,-3.375,-337.5,312.5,81,pdf_llm,data_raw/Dec-2015-results.pdf,data_raw/Dec-2015-results.pdf
2016-01-01,2016-01-14,2016-01-19,SMP,3.25,2015-12-16,3.5,2016-01-19,0.375,-0.25,-25.0,-3.125,-312.5,287.5,34,pdf_llm,data_raw/jan-results-mp.pdf,data_raw/jan-results-mp.pdf
2016-01-01,2016-01-14,2016-01-19,SPD,3.25,2015-12-16,3.5,2016-01-19,0.375,-0.25,-25.0,-3.125,-312.5,287.5,34,pdf_llm,data_raw/jan-2016-results.pdf,data_raw/jan-2016-results.pdf
2016-03-01,2016-03-03,2016-03-07,SMP,3.25,2015-12-16,3.5,2016-03-07,0.375,-0.25,-25.0,-3.125,-312.5,287.5,82,pdf_llm,data_raw/mar-results-mp.pdf,data_raw/mar-results-mp.pdf
2016-03-01,2016-03-03,2016-03-07,SPD,3.25,2015-12-16,3.5,2016-03-07,0.375,-0.25,-25.0,-3.125,-312.5,287.5,82,pdf_llm,data_raw/mar-2016-results.pdf,data_raw/mar-2016-results.pdf
2016-04-01,2016-04-14,2016-04-18,SMP,2.75,2016-03-16,3.3,2016-04-18,0.375,-0.5499999999999998,-55.0,-2.925,-292.5,237.5,33,pdf_llm,data_raw/apr-results-mp.pdf,data_raw/apr-results-mp.pdf
2016-04-01,2016-04-14,2016-04-18,SPD,3.25,2016-03-16,3.3,2016-04-18,0.375,-0.04999999999999982,-5.0,-2.925,-292.5,287.5,33,pdf_llm,data_raw/apr-2016-results.pdf,data_raw/apr-2016-results.pdf
2016-06-01,2016-06-02,2016-06-06,SMP,2.75,2016-03-16,3.3,2016-06-06,0.375,-0.5499999999999998,-55.0,-2.925,-292.5,237.5,82,pdf_llm,data_raw/jun-results-mp.pdf,data_raw/jun-results-mp.pdf
2016-06-01,2016-06-02,2016-06-06,SPD,3.25,2016-03-16,3.3,2016-06-06,0.375,-0.04999999999999982,-5.0,-2.925,-292.5,287.5,82,pdf_llm,data_raw/jun-2016-results.pdf,data_raw/jun-2016-results.pdf
2016-07-01,2016-07-14,2016-07-18,SMP,2.75,2016-06-15,3.0,2016-07-18,0.375,-0.25,-25.0,-2.625,-262.5,237.5,33,pdf_llm,data_raw/jul-results-mp.pdf,data_raw/jul-results-mp.pdf
2016-07-01,2016-07-14,2016-07-18,SPD,3.0,2016-06-15,3.0,2016-07-18,0.375,0.0,0.0,-2.625,-262.5,262.5,33,pdf_llm,data_raw/jul-2016-results.pdf,data_raw/jul-2016-results.pdf
2016-09-01,2016-09-08,2016-09-12,SMP,2.63,2016-06-15,3.0,2016-09-12,0.375,-0.3700000000000001,-37.0,-2.625,-262.5,225.5,89,pdf_llm,data_raw/sep-results-mp.pdf,data_raw/sep-results-mp.pdf
2016-09-01,2016-09-08,2016-09-12,SPD,3.0,2016-06-15,3.0,2016-09-12,0.375,0.0,0.0,-2.625,-262.5,262.5,89,pdf_llm,data_raw/sep-2016-results.pdf,data_raw/sep-2016-results.pdf
2016-11-01,2016-10-20,2016-10-24,SMP,2.5,2016-09-21,2.9,2016-10-24,0.375,-0.3999999999999999,-40.0,-2.525,-252.5,212.5,33,pdf_llm,data_raw/Nov-2016-SMP-Results.pdf,data_raw/Nov-2016-SMP-Results.pdf
2016-11-01,2016-10-20,2016-10-24,SPD,2.75,2016-09-21,2.9,2016-10-24,0.375,-0.1499999999999999,-15.0,-2.525,-252.5,237.5,33,pdf_llm,data_raw/Nov-2016-SPD-Results.pdf,data_raw/Nov-2016-SPD-Results.pdf
2016-12-01,2016-12-01,2016-12-05,SMP,2.75,2016-09-21,2.9,2016-12-05,0.375,-0.1499999999999999,-15.0,-2.525,-252.5,237.5,75,pdf_llm,data_raw/Dec-2016-Flash-SMP-Results-Public-Release.pdf,data_raw/Dec-2016-Flash-SMP-Results-Public-Release.pdf
2016-12-01,2016-12-01,2016-12-05,SPD,2.75,2016-09-21,2.9,2016-12-05,0.375,-0.1499999999999999,-15.0,-2.525,-252.5,237.5,75,pdf_llm,data_raw/Dec-2016-SPD-Results-Public-Release.pdf,data_raw/Dec-2016-SPD-Results-Public-Release.pdf
2017-01-01,2017-01-19,2017-01-23,SMP,2.81,2016-12-14,3.0,2017-01-23,0.625,-0.18999999999999995,-19.0,-2.375,-237.5,218.5,40,pdf_llm,data_raw/Jan-2017-SMP-Results-Public-Release.pdf,data_raw/Jan-2017-SMP-Results-Public-Release.pdf
2017-01-01,2017-01-19,2017-01-23,SPD,3.0,2016-12-14,3.0,2017-01-23,0.625,0.0,0.0,-2.375,-237.5,237.5,40,pdf_llm,data_raw/Jan-2017-SPD-Results-Public-Release.pdf,data_raw/Jan-2017-SPD-Results-Public-Release.pdf
2017-03-01,2017-03-02,2017-03-06,SMP,2.75,2016-12-14,3.0,2017-03-06,0.625,-0.25,-25.0,-2.375,-237.5,212.5,82,pdf_llm,data_raw/Mar-2017-SMP-Results-Public-Release.pdf,data_raw/Mar-2017-SMP-Results-Public-Release.pdf
2017-03-01,2017-03-02,2017-03-06,SPD,3.0,2016-12-14,3.0,2017-03-06,0.625,0.0,0.0,-2.375,-237.5,237.5,82,pdf_llm,data_raw/Mar-2017-SPD-Results-Public-Release.pdf,data_raw/Mar-2017-SPD-Results-Public-Release.pdf
2017-05-01,2017-04-20,2017-04-24,SMP,2.75,2017-03-15,3.0,2017-04-24,0.875,-0.25,-25.0,-2.125,-212.5,187.5,40,pdf_llm,data_raw/may-2017-SMP-Results-Public-Release.pdf,data_raw/may-2017-SMP-Results-Public-Release.pdf
2017-06-01,2017-06-01,2017-06-05,SMP,2.75,2017-03-15,3.0,2017-06-05,0.875,-0.25,-25.0,-2.125,-212.5,187.5,82,pdf_llm,data_raw/jun-2017-smp-results.pdf,data_raw/jun-2017-smp-results.pdf
2017-06-01,2017-06-01,2017-06-05,SPD,2.88,2017-03-15,3.0,2017-06-05,0.875,-0.1200000000000001,-12.0,-2.125,-212.5,200.5,82,pdf_llm,data_raw/jun-2017-spd-results.pdf,data_raw/jun-2017-spd-results.pdf
2017-07-01,2017-07-13,2017-07-17,SMP,2.75,2017-06-14,3.0,2017-07-17,1.125,-0.25,-25.0,-1.875,-187.5,162.5,33,pdf_llm,data_raw/jul-2017-smp-results.pdf,data_raw/jul-2017-smp-results.pdf
2017-07-01,2017-07-13,2017-07-17,SPD,2.75,2017-06-14,3.0,2017-07-17,1.125,-0.25,-25.0,-1.875,-187.5,162.5,33,pdf_llm,data_raw/jul-2017-spd-results.pdf,data_raw/jul-2017-spd-results.pdf
2017-09-01,2017-09-07,2017-09-11,SMP,2.75,2017-06-14,3.0,2017-09-11,1.125,-0.25,-25.0,-1.875,-187.5,162.5,89,pdf_llm,data_raw/sep-2017-smp-results.pdf,data_raw/sep-2017-smp-results.pdf
2017-09-01,2017-09-07,2017-09-11,SPD,2.75,2017-06-14,3.0,2017-09-11,1.125,-0.25,-25.0,-1.875,-187.5,162.5,89,pdf_llm,data_raw/sep-2017-spd-results.pdf,data_raw/sep-2017-spd-results.pdf
2017-10-01,2017-10-19,2017-10-23,SMP,2.75,2017-09-20,2.8,2017-10-23,1.125,-0.04999999999999982,-5.0,-1.6749999999999998,-167.5,162.5,33,pdf_llm,data_raw/oct-nov-2017-smp-results.pdf,data_raw/oct-nov-2017-smp-results.pdf
2017-10-01,2017-10-19,2017-10-23,SPD,2.75,2017-09-20,2.8,2017-10-23,1.125,-0.04999999999999982,-5.0,-1.6749999999999998,-167.5,162.5,33,pdf_llm,data_raw/oct-nov-2017-spd-results.pdf,data_raw/oct-nov-2017-spd-results.pdf
2017-12-01,2017-11-30,2017-12-04,SMP,2.75,2017-09-20,2.8,2017-12-04,1.125,-0.04999999999999982,-5.0,-1.6749999999999998,-167.5,162.5,75,pdf_llm,data_raw/dec-2017-smp-results.pdf,data_raw/dec-2017-smp-results.pdf
2017-12-01,2017-11-30,2017-12-04,SPD,2.75,2017-09-20,2.8,2017-12-04,1.125,-0.04999999999999982,-5.0,-1.6749999999999998,-167.5,162.5,75,pdf_llm,data_raw/dec-2017-spd-results.pdf,data_raw/dec-2017-spd-results.pdf
2018-01-01,2018-01-18,2018-01-22,SMP,2.75,2017-12-13,2.8,2018-01-22,1.375,-0.04999999999999982,-5.0,-1.4249999999999998,-142.5,137.5,40,pdf_llm,data_raw/jan-2018-smp-results.pdf,data_raw/jan-2018-smp-results.pdf
2018-01-01,2018-01-18,2018-01-22,SPD,2.75,2017-12-13,2.8,2018-01-22,1.375,-0.04999999999999982,-5.0,-1.4249999999999998,-142.5,137.5,40,pdf_llm,data_raw/jan-2018-spd-results.pdf,data_raw/jan-2018-spd-results.pdf
2018-03-01,2018-03-08,2018-03-12,SMP,2.75,2017-12-13,2.8,2018-03-12,1.375,-0.04999999999999982,-5.0,-1.4249999999999998,-142.5,137.5,89,pdf_llm,data_raw/mar-2018-smp-results.pdf,data_raw/mar-2018-smp-results.pdf
2018-03-01,2018-03-08,2018-03-12,SPD,2.75,2017-12-13,2.8,2018-03-12,1.375,-0.04999999999999982,-5.0,-1.4249999999999998,-142.5,137.5,89,pdf_llm,data_raw/mar-2018-spd-results.pdf,data_raw/mar-2018-spd-results.pdf
2018-05-01,2018-04-19,2018-04-23,SMP,2.75,2018-03-21,2.9,2018-04-23,1.625,-0.1499999999999999,-15.0,-1.275,-127.5,112.5,33,pdf_llm,data_raw/may-2018-smp-results.pdf,data_raw/may-2018-smp-results.pdf
2018-05-01,2018-04-19,2018-04-23,SPD,2.75,2018-03-21,2.9,2018-04-23,1.625,-0.1499999999999999,-15.0,-1.275,-127.5,112.5,33,pdf_llm,data_raw/may-2018-spd-results.pdf,data_raw/may-2018-spd-results.pdf
2018-06-01,2018-05-31,2018-06-04,SMP,2.88,2018-03-21,2.9,2018-06-04,1.625,-0.020000000000000018,-2.0,-1.275,-127.5,125.5,75,pdf_llm,data_raw/jun-2018-smp-results.pdf,data_raw/jun-2018-smp-results.pdf
2018-06-01,2018-05-31,2018-06-04,SPD,2.75,2018-03-21,2.9,2018-06-04,1.625,-0.1499999999999999,-15.0,-1.275,-127.5,112.5,75,pdf_llm,data_raw/jun-2018-spd-results.pdf,data_raw/jun-2018-spd-results.pdf
2018-07-01,2018-07-19,2018-07-23,SMP,2.88,2018-06-13,2.9,2018-07-23,1.875,-0.020000000000000018,-2.0,-1.025,-102.5,100.5,40,pdf_llm,data_raw/jul-aug-2018-smp-results.pdf,data_raw/jul-aug-2018-smp-results.pdf
2018-07-01,2018-07-19,2018-07-23,SPD,2.75,2018-06-13,2.9,2018-07-23,1.875,-0.1499999999999999,-15.0,-1.025,-102.5,87.5,40,pdf_llm,data_raw/jul-aug-2018-spd-results.pdf,data_raw/jul-aug-2018-spd-results.pdf
2018-09-01,2018-09-13,2018-09-17,SMP,2.875,2018-06-13,2.9,2018-09-17,1.875,-0.02499999999999991,-2.5,-1.025,-102.5,100.0,96,pdf_llm,data_raw/sep-2018-smp-results.pdf,data_raw/sep-2018-smp-results.pdf
2018-09-01,2018-09-13,2018-09-17,SPD,2.75,2018-06-13,2.9,2018-09-17,1.875,-0.1499999999999999,-15.0,-1.025,-102.5,87.5,96,pdf_llm,data_raw/sep-2018-spd-results.pdf,data_raw/sep-2018-spd-results.pdf
2018-11-01,2018-10-25,2018-10-29,SMP,3.0,2018-09-26,3.0,2018-10-29,2.125,0.0,0.0,-0.875,-87.5,87.5,33,pdf_llm,data_raw/nov-2018-smp-results.pdf,data_raw/nov-2018-smp-results.pdf
2018-11-01,2018-10-25,2018-10-29,SPD,2.88,2018-09-26,3.0,2018-10-29,2.125,-0.1200000000000001,-12.0,-0.875,-87.5,75.5,33,pdf_llm,data_raw/nov-2018-spd-results.pdf,data_raw/nov-2018-spd-results.pdf
2018-12-01,2018-12-06,2018-12-10,SMP,3.0,2018-09-26,3.0,2018-12-10,2.125,0.0,0.0,-0.875,-87.5,87.5,75,pdf_llm,data_raw/dec-2018-smp-results.pdf,data_raw/dec-2018-smp-results.pdf
2018-12-01,2018-12-06,2018-12-10,SPD,2.88,2018-09-26,3.0,2018-12-10,2.125,-0.1200000000000001,-12.0,-0.875,-87.5,75.5,75,pdf_llm,data_raw/dec-2018-spd-results.pdf,data_raw/dec-2018-spd-results.pdf
2019-01-01,2019-01-17,2019-01-22,SMP,2.75,2018-12-19,2.8,2019-01-22,2.375,-0.04999999999999982,-5.0,-0.4249999999999998,-42.5,37.5,34,pdf_llm,data_raw/jan-2019-smp-results.pdf,data_raw/jan-2019-smp-results.pdf
2019-01-01,2019-01-17,2019-01-22,SPD,2.75,2018-12-19,2.8,2019-01-22,2.375,-0.04999999999999982,-5.0,-0.4249999999999998,-42.5,37.5,34,pdf_llm,data_raw/jan-2019-spd-results.pdf,data_raw/jan-2019-spd-results.pdf
2019-03-01,2019-03-06,2019-03-11,SMP,2.75,2018-12-19,2.8,2019-03-11,2.375,-0.04999999999999982,-5.0,-0.4249999999999998,-42.5,37.5,82,pdf_llm,data_raw/mar-2019-smp-results.pdf,data_raw/mar-2019-smp-results.pdf
2019-03-01,2019-03-06,2019-03-11,SPD,2.75,2018-12-19,2.8,2019-03-11,2.375,-0.04999999999999982,-5.0,-0.4249999999999998,-42.5,37.5,82,pdf_llm,data_raw/mar-2019-spd-results.pdf,data_raw/mar-2019-spd-results.pdf
2019-05-01,2019-04-17,2019-04-22,SMP,2.69,2019-03-20,2.8,2019-04-22,2.375,-0.10999999999999988,-11.0,-0.4249999999999998,-42.5,31.5,33,pdf_llm,data_raw/apr-may-2019-smp-results.pdf,data_raw/apr-may-2019-smp-results.pdf
2019-05-01,2019-04-17,2019-04-22,SPD,2.75,2019-03-20,2.8,2019-04-22,2.375,-0.04999999999999982,-5.0,-0.4249999999999998,-42.5,37.5,33,pdf_llm,data_raw/apr-may-2019-spd-results.pdf,data_raw/apr-may-2019-spd-results.pdf
2019-06-01,2019-06-05,2019-06-10,SMP,2.5,2019-03-20,2.8,2019-06-10,2.375,-0.2999999999999998,-30.0,-0.4249999999999998,-42.5,12.5,82,pdf_llm,data_raw/jun-2019-smp-results.pdf,data_raw/jun-2019-smp-results.pdf
2019-06-01,2019-06-05,2019-06-10,SPD,2.69,2019-03-20,2.8,2019-06-10,2.375,-0.10999999999999988,-11.0,-0.4249999999999998,-42.5,31.5,82,pdf_llm,data_raw/jun-2019-spd-results.pdf,data_raw/jun-2019-spd-results.pdf
2019-07-01,2019-07-17,2019-07-22,SMP,2.5,2019-06-19,2.5,2019-07-22,2.375,0.0,0.0,-0.125,-12.5,12.5,33,pdf_llm,data_raw/jul-2019-smp-results.pdf,data_raw/jul-2019-smp-results.pdf
2019-07-01,2019-07-17,2019-07-22,SPD,2.5,2019-06-19,2.5,2019-07-22,2.375,0.0,0.0,-0.125,-12.5,12.5,33,pdf_llm,data_raw/jul-2019-spd-results.pdf,data_raw/jul-2019-spd-results.pdf
2019-09-01,2019-09-04,2019-09-09,SMP,2.48,2019-06-19,2.5,2019-09-09,2.125,-0.020000000000000018,-2.0,-0.375,-37.5,35.5,82,pdf_llm,data_raw/sep-2019-smp-results.pdf,data_raw/sep-2019-smp-results.pdf
2019-09-01,2019-09-04,2019-09-09,SPD,2.5,2019-06-19,2.5,2019-09-09,2.125,0.0,0.0,-0.375,-37.5,37.5,82,pdf_llm,data_raw/sep-2019-spd-results.pdf,data_raw/sep-2019-spd-results.pdf
2019-10-01,2019-10-16,2019-10-21,SMP,2.38,2019-09-18,2.5,2019-10-21,1.875,-0.1200000000000001,-12.0,-0.625,-62.5,50.5,33,pdf_llm,data_raw/oct-2019-smp-results.pdf,data_raw/oct-2019-smp-results.pdf
2019-10-01,2019-10-16,2019-10-21,SPD,2.5,2019-09-18,2.5,2019-10-21,1.875,0.0,0.0,-0.625,-62.5,62.5,33,pdf_llm,data_raw/oct-2019-spd-results.pdf,data_raw/oct-2019-spd-results.pdf
2019-12-01,2019-11-26,2019-12-02,SMP,2.31,2019-09-18,2.5,2019-12-02,1.625,-0.18999999999999995,-19.0,-0.875,-87.5,68.5,75,pdf_llm,data_raw/dec-2019-smp-results.pdf,data_raw/dec-2019-smp-results.pdf
2019-12-01,2019-11-26,2019-12-02,SPD,2.5,2019-09-18,2.5,2019-12-02,1.625,0.0,0.0,-0.875,-87.5,87.5,75,pdf_llm,data_raw/dec-2019-spd-results.pdf,data_raw/dec-2019-spd-results.pdf
2020-01-01,2020-01-15,2020-01-21,SMP,2.25,2019-12-11,2.5,2020-01-21,1.625,-0.25,-25.0,-0.875,-87.5,62.5,41,pdf_llm,data_raw/jan-2020-smp-results.pdf,data_raw/jan-2020-smp-results.pdf
2020-01-01,2020-01-15,2020-01-21,SPD,2.4,2019-12-11,2.5,2020-01-21,1.625,-0.10000000000000009,-10.0,-0.875,-87.5,77.5,41,pdf_llm,data_raw/jan-2020-spd-results.pdf,data_raw/jan-2020-spd-results.pdf
2020-03-01,2020-03-04,2020-03-09,SMP,2.25,2019-12-11,2.5,2020-03-09,1.125,-0.25,-25.0,-1.375,-137.5,112.5,89,pdf_llm,data_raw/mar-2020-smp-results.pdf,data_raw/mar-2020-smp-results.pdf
2020-03-01,2020-03-04,2020-03-09,SPD,2.25,2019-12-11,2.5,2020-03-09,1.125,-0.25,-25.0,-1.375,-137.5,112.5,89,pdf_llm,data_raw/mar-2020-spd-results.pdf,data_raw/mar-2020-spd-results.pdf
2020-04-01,2020-04-15,2020-04-20,SMP,2.0,2019-12-11,2.5,2020-04-20,0.125,-0.5,-50.0,-2.375,-237.5,187.5,131,pdf_llm,data_raw/apr-2020-smp-results.pdf,data_raw/apr-2020-smp-results.pdf
2020-04-01,2020-04-15,2020-04-20,SPD,2.19,2019-12-11,2.5,2020-04-20,0.125,-0.31000000000000005,-31.0,-2.375,-237.5,206.5,131,pdf_llm,data_raw/apr-2020-spd-results.pdf,data_raw/apr-2020-spd-results.pdf
2020-06-01,2020-05-27,2020-06-01,SMP,2.0,2019-12-11,2.5,2020-06-01,0.125,-0.5,-50.0,-2.375,-237.5,187.5,173,pdf_llm,data_raw/jun-2020-smp-results.pdf,data_raw/jun-2020-smp-results.pdf
2020-06-01,2020-05-27,2020-06-01,SPD,2.25,2019-12-11,2.5,2020-06-01,0.125,-0.25,-25.0,-2.375,-237.5,212.5,173,pdf_llm,data_raw/jun-2020-spd-results.pdf,data_raw/jun-2020-spd-results.pdf
2020-07-01,2020-07-15,2020-07-20,SMP,2.0,2020-06-10,2.5,2020-07-20,0.125,-0.5,-50.0,-2.375,-237.5,187.5,40,pdf_llm,data_raw/jul-2020-smp-results.pdf,data_raw/jul-2020-smp-results.pdf
2020-07-01,2020-07-15,2020-07-20,SPD,2.25,2020-06-10,2.5,2020-07-20,0.125,-0.25,-25.0,-2.375,-237.5,212.5,40,pdf_llm,data_raw/jul-2020-spd-results.pdf,data_raw/jul-2020-spd-results.pdf
2020-09-01,2020-09-02,2020-09-08,SMP,2.0,2020-06-10,2.5,2020-09-08,0.125,-0.5,-50.0,-2.375,-237.5,187.5,90,pdf_llm,data_raw/sep-2020-smp-results.pdf,data_raw/sep-2020-smp-results.pdf
2020-09-01,2020-09-02,2020-09-08,SPD,2.25,2020-06-10,2.5,2020-09-08,0.125,-0.25,-25.0,-2.375,-237.5,212.5,90,pdf_llm,data_raw/sep-2020-spd-results.pdf,data_raw/sep-2020-spd-results.pdf
2020-11-01,2020-10-21,2020-10-26,SMP,2.0,2020-09-16,2.5,2020-10-26,0.125,-0.5,-50.0,-2.375,-237.5,187.5,40,pdf_llm,data_raw/nov-2020-smp-results.pdf,data_raw/nov-2020-smp-results.pdf
2020-11-01,2020-10-21,2020-10-26,SPD,2.25,2020-09-16,2.5,2020-10-26,0.125,-0.25,-25.0,-2.375,-237.5,212.5,40,pdf_llm,data_raw/nov-2020-spd-results.pdf,data_raw/nov-2020-spd-results.pdf
2020-12-01,2020-12-02,2020-12-07,SMP,2.0,2020-09-16,2.5,2020-12-07,0.125,-0.5,-50.0,-2.375,-237.5,187.5,82,pdf_llm,data_raw/dec-2020-smp-results.pdf,data_raw/dec-2020-smp-results.pdf
2020-12-01,2020-12-02,2020-12-07,SPD,2.25,2020-09-16,2.5,2020-12-07,0.125,-0.25,-25.0,-2.375,-237.5,212.5,82,pdf_llm,data_raw/dec-2020-spd-results.pdf,data_raw/dec-2020-spd-results.pdf
2021-01-01,2021-01-13,2021-01-19,SMP,2.0,2020-12-16,2.5,2021-01-19,0.125,-0.5,-50.0,-2.375,-237.5,187.5,34,pdf_llm,data_raw/jan-2021-smp-results.pdf,data_raw/jan-2021-smp-results.pdf
2021-01-01,2021-01-13,2021-01-19,SPD,2.25,2020-12-16,2.5,2021-01-19,0.125,-0.25,-25.0,-2.375,-237.5,212.5,34,pdf_llm,data_raw/jan-2021-spd-results.pdf,data_raw/jan-2021-spd-results.pdf
2021-03-01,2021-03-03,2021-03-08,SMP,2.0,2020-12-16,2.5,2021-03-08,0.125,-0.5,-50.0,-2.375,-237.5,187.5,82,pdf_llm,data_raw/mar-2021-smp-results.pdf,data_raw/mar-2021-smp-results.pdf
2021-03-01,2021-03-03,2021-03-08,SPD,2.25,2020-12-16,2.5,2021-03-08,0.125,-0.25,-25.0,-2.375,-237.5,212.5,82,pdf_llm,data_raw/mar-2021-spd-results.pdf,data_raw/mar-2021-spd-results.pdf
2021-04-01,2021-04-14,2021-04-19,SMP,2.0,2021-03-17,2.5,2021-04-19,0.125,-0.5,-50.0,-2.375,-237.5,187.5,33,pdf_llm,data_raw/apr-2021-smp-results.pdf,data_raw/apr-2021-smp-results.pdf
2021-04-01,2021-04-14,2021-04-19,SPD,2.31,2021-03-17,2.5,2021-04-19,0.125,-0.18999999999999995,-19.0,-2.375,-237.5,218.5,33,pdf_llm,data_raw/apr-2021-spd-results.pdf,data_raw/apr-2021-spd-results.pdf
2021-06-01,2021-06-02,2021-06-07,SMP,2.0,2021-03-17,2.5,2021-06-07,0.125,-0.5,-50.0,-2.375,-237.5,187.5,82,pdf_llm,data_raw/jun-2021-smp-results.pdf,data_raw/jun-2021-smp-results.pdf
2021-06-01,2021-06-02,2021-06-07,SPD,2.31,2021-03-17,2.5,2021-06-07,0.125,-0.18999999999999995,-19.0,-2.375,-237.5,218.5,82,pdf_llm,data_raw/jun-2021-spd-results.pdf,data_raw/jun-2021-spd-results.pdf
2021-07-01,2021-07-14,2021-07-19,SMP,2.0,2021-06-16,2.5,2021-07-19,0.125,-0.5,-50.0,-2.375,-237.5,187.5,33,pdf_llm,data_raw/jul-2021-smp-results.pdf,data_raw/jul-2021-smp-results.pdf
2021-07-01,2021-07-14,2021-07-19,SPD,2.25,2021-06-16,2.5,2021-07-19,0.125,-0.25,-25.0,-2.375,-237.5,212.5,33,pdf_llm,data_raw/jul-2021-spd-results.pdf,data_raw/jul-2021-spd-results.pdf
2021-09-01,2021-09-08,2021-09-13,SMP,2.0,2021-06-16,2.5,2021-09-13,0.125,-0.5,-50.0,-2.375,-237.5,187.5,89,pdf_llm,data_raw/sep-2021-smp-results.pdf,data_raw/sep-2021-smp-results.pdf
2021-09-01,2021-09-08,2021-09-13,SPD,2.25,2021-06-16,2.5,2021-09-13,0.125,-0.25,-25.0,-2.375,-237.5,212.5,89,pdf_llm,data_raw/sep-2021-spd-results.pdf,data_raw/sep-2021-spd-results.pdf
2021-11-01,2021-10-20,2021-10-25,SMP,2.0,2021-09-22,2.5,2021-10-25,0.125,-0.5,-50.0,-2.375,-237.5,187.5,33,pdf_llm,data_raw/nov-2021-smp-results.pdf,data_raw/nov-2021-smp-results.pdf
2021-11-01,2021-10-20,2021-10-25,SPD,2.25,2021-09-22,2.5,2021-10-25,0.125,-0.25,-25.0,-2.375,-237.5,212.5,33,pdf_llm,data_raw/nov-2021-spd-results.pdf,data_raw/nov-2021-spd-results.pdf
2021-12-01,2021-12-01,2021-12-06,SMP,2.0,2021-09-22,2.5,2021-12-06,0.125,-0.5,-50.0,-2.375,-237.5,187.5,75,pdf_llm,data_raw/dec-2021-smp-results.pdf,data_raw/dec-2021-smp-results.pdf
2021-12-01,2021-12-01,2021-12-06,SPD,2.25,2021-09-22,2.5,2021-12-06,0.125,-0.25,-25.0,-2.375,-237.5,212.5,75,pdf_llm,data_raw/dec-2021-spd-results.pdf,data_raw/dec-2021-spd-results.pdf
2022-01-01,2022-01-12,2022-01-18,SMP,2.0,2021-12-15,2.5,2022-01-18,0.125,-0.5,-50.0,-2.375,-237.5,187.5,34,pdf_llm,data_raw/jan-2022-smp-results.pdf,data_raw/jan-2022-smp-results.pdf
2022-01-01,2022-01-12,2022-01-18,SPD,2.25,2021-12-15,2.5,2022-01-18,0.125,-0.25,-25.0,-2.375,-237.5,212.5,34,pdf_llm,data_raw/jan-2022-spd-results.pdf,data_raw/jan-2022-spd-results.pdf
2022-03-01,2022-03-02,2022-03-07,SMP,2.19,2021-12-15,2.5,2022-03-07,0.125,-0.31000000000000005,-31.0,-2.375,-237.5,206.5,82,pdf_llm,data_raw/mar-2022-smp-results.pdf,data_raw/mar-2022-smp-results.pdf
2022-03-01,2022-03-02,2022-03-07,SPD,2.25,2021-12-15,2.5,2022-03-07,0.125,-0.25,-25.0,-2.375,-237.5,212.5,82,pdf_llm,data_raw/mar-2022-spd-results.pdf,data_raw/mar-2022-spd-results.pdf
2022-05-01,2022-04-20,2022-04-25,SMP,2.44,2022-03-16,2.4,2022-04-25,0.375,0.040000000000000036,4.0,-2.025,-202.5,206.5,40,pdf_llm,data_raw/may-2022-smp-results.pdf,data_raw/may-2022-smp-results.pdf
2022-05-01,2022-04-20,2022-04-25,SPD,2.38,2022-03-16,2.4,2022-04-25,0.375,-0.020000000000000018,-2.0,-2.025,-202.5,200.5,40,pdf_llm,data_raw/may-2022-spd-results.pdf,data_raw/may-2022-spd-results.pdf
2022-06-01,2022-06-01,2022-06-06,SMP,2.31,2022-03-16,2.4,2022-06-06,0.875,-0.08999999999999986,-9.0,-1.525,-152.5,143.5,82,pdf_llm,data_raw/jun-2022-smp-results.pdf,data_raw/jun-2022-smp-results.pdf
2022-06-01,2022-06-01,2022-06-06,SPD,2.38,2022-03-16,2.4,2022-06-06,0.875,-0.020000000000000018,-2.0,-1.525,-152.5,150.5,82,pdf_llm,data_raw/jun-2022-spd-results.pdf,data_raw/jun-2022-spd-results.pdf
2022-07-01,2022-07-13,2022-07-18,SMP,2.38,2022-06-15,2.5,2022-07-18,1.625,-0.1200000000000001,-12.0,-0.875,-87.5,75.5,33,pdf_llm,data_raw/jul-2022-smp-results.pdf,data_raw/jul-2022-smp-results.pdf
2022-07-01,2022-07-13,2022-07-18,SPD,2.38,2022-06-15,2.5,2022-07-18,1.625,-0.1200000000000001,-12.0,-0.875,-87.5,75.5,33,pdf_llm,data_raw/jul-2022-spd-results.pdf,data_raw/jul-2022-spd-results.pdf
2022-09-01,2022-09-07,2022-09-12,SMP,2.38,2022-06-15,2.5,2022-09-12,2.375,-0.1200000000000001,-12.0,-0.125,-12.5,0.5,89,pdf_llm,data_raw/sep-2022-smp-results.pdf,data_raw/sep-2022-smp-results.pdf
2022-09-01,2022-09-07,2022-09-12,SPD,2.38,2022-06-15,2.5,2022-09-12,2.375,-0.1200000000000001,-12.0,-0.125,-12.5,0.5,89,pdf_llm,data_raw/sep-2022-spd-results.pdf,data_raw/sep-2022-spd-results.pdf
2022-11-01,2022-10-19,2022-10-24,SMP,2.38,2022-09-21,2.5,2022-10-24,3.125,-0.1200000000000001,-12.0,0.625,62.5,-74.5,33,pdf_llm,data_raw/nov-2022-smp-results.pdf,data_raw/nov-2022-smp-results.pdf
2022-11-01,2022-10-19,2022-10-24,SPD,2.4,2022-09-21,2.5,2022-10-24,3.125,-0.10000000000000009,-10.0,0.625,62.5,-72.5,33,pdf_llm,data_raw/nov-2022-spd-results.pdf,data_raw/nov-2022-spd-results.pdf
2022-12-01,2022-11-30,2022-12-05,SMP,2.38,2022-09-21,2.5,2022-12-05,3.875,-0.1200000000000001,-12.0,1.375,137.5,-149.5,75,pdf_llm,data_raw/dec-2022-smp-results.pdf,data_raw/dec-2022-smp-results.pdf
2022-12-01,2022-11-30,2022-12-05,SPD,2.5,2022-09-21,2.5,2022-12-05,3.875,0.0,0.0,1.375,137.5,-137.5,75,pdf_llm,data_raw/dec-2022-spd-results.pdf,data_raw/dec-2022-spd-results.pdf
2023-01-01,2023-01-18,2023-01-23,SMP,2.38,2022-12-14,2.5,2023-01-23,4.375,-0.1200000000000001,-12.0,1.875,187.5,-199.5,40,pdf_llm,data_raw/jan-feb-2023-smp-results.pdf,data_raw/jan-feb-2023-smp-results.pdf
2023-01-01,2023-01-18,2023-01-23,SPD,2.5,2022-12-14,2.5,2023-01-23,4.375,0.0,0.0,1.875,187.5,-187.5,40,pdf_llm,data_raw/jan-feb-2023-spd-results.pdf,data_raw/jan-feb-2023-spd-results.pdf
2023-03-01,2023-03-08,2023-03-14,SMP,2.5,2022-12-14,2.5,2023-03-14,4.625,0.0,0.0,2.125,212.5,-212.5,90,pdf_llm,data_raw/mar-2023-smp-results.pdf,data_raw/mar-2023-smp-results.pdf
2023-03-01,2023-03-08,2023-03-14,SPD,2.5,2022-12-14,2.5,2023-03-14,4.625,0.0,0.0,2.125,212.5,-212.5,90,pdf_llm,data_raw/mar-2023-spd-results.pdf,data_raw/mar-2023-spd-results.pdf
2023-05-01,2023-04-19,2023-04-24,SMP,2.5,2023-03-22,2.5,2023-04-24,4.875,0.0,0.0,2.375,237.5,-237.5,33,pdf_llm,data_raw/may-2023-smp-results.pdf,data_raw/may-2023-smp-results.pdf
2023-05-01,2023-04-19,2023-04-24,SPD,2.5,2023-03-22,2.5,2023-04-24,4.875,0.0,0.0,2.375,237.5,-237.5,33,pdf_llm,data_raw/may-2023-spd-results.pdf,data_raw/may-2023-spd-results.pdf
2023-06-01,2023-05-31,2023-06-05,SMP,2.5,2023-03-22,2.5,2023-06-05,5.125,0.0,0.0,2.625,262.5,-262.5,75,pdf_llm,data_raw/jun-2023-smp-results.pdf,data_raw/jun-2023-smp-results.pdf
2023-06-01,2023-05-31,2023-06-05,SPD,2.5,2023-03-22,2.5,2023-06-05,5.125,0.0,0.0,2.625,262.5,-262.5,75,pdf_llm,data_raw/jun-2023-spd-results.pdf,data_raw/jun-2023-spd-results.pdf
2023-07-01,2023-07-12,2023-07-17,Combined,2.5,2023-06-14,2.5,2023-07-17,5.125,0.0,0.0,2.625,262.5,-262.5,33,xlsx,data_raw/jul-2023-data.xlsx,data_raw/jul-2023-smp-results.pdf
2023-07-01,2023-07-12,2023-07-17,SMP,2.5,2023-06-14,2.5,2023-07-17,5.125,0.0,0.0,2.625,262.5,-262.5,33,xlsx,data_raw/jul-2023-data.xlsx,data_raw/jul-2023-smp-results.pdf
2023-07-01,2023-07-12,2023-07-17,SPD,2.5,2023-06-14,2.5,2023-07-17,5.125,0.0,0.0,2.625,262.5,-262.5,33,xlsx,data_raw/jul-2023-data.xlsx,data_raw/jul-2023-spd-results.pdf
2023-09-01,2023-09-06,2023-09-11,Combined,2.56,2023-06-14,2.5,2023-09-11,5.375,0.06000000000000005,6.0,2.875,287.5,-281.5,89,xlsx,data_raw/sep-2023-data.xlsx,data_raw/sep-2023-smp-results.pdf
2023-09-01,2023-09-06,2023-09-11,SMP,2.63,2023-06-14,2.5,2023-09-11,5.375,0.1299999999999999,13.0,2.875,287.5,-274.5,89,xlsx,data_raw/sep-2023-data.xlsx,data_raw/sep-2023-smp-results.pdf
2023-09-01,2023-09-06,2023-09-11,SPD,2.5,2023-06-14,2.5,2023-09-11,5.375,0.0,0.0,2.875,287.5,-287.5,89,xlsx,data_raw/sep-2023-data.xlsx,data_raw/sep-2023-spd-results.pdf
2023-10-01,2023-10-18,2023-10-23,Combined,2.63,2023-09-20,2.5,2023-10-23,5.375,0.1299999999999999,13.0,2.875,287.5,-274.5,33,xlsx,data_raw/oct-2023-data.xlsx,data_raw/oct-2023-smp-results.pdf
2023-10-01,2023-10-18,2023-10-23,SMP,2.6,2023-09-20,2.5,2023-10-23,5.375,0.10000000000000009,10.0,2.875,287.5,-277.5,33,xlsx,data_raw/oct-2023-data.xlsx,data_raw/oct-2023-smp-results.pdf
2023-10-01,2023-10-18,2023-10-23,SPD,2.75,2023-09-20,2.5,2023-10-23,5.375,0.25,25.0,2.875,287.5,-262.5,33,xlsx,data_raw/oct-2023-data.xlsx,data_raw/oct-2023-spd-results.pdf
2023-12-01,2023-11-29,2023-12-04,Combined,2.75,2023-09-20,2.5,2023-12-04,5.375,0.25,25.0,2.875,287.5,-262.5,75,xlsx,data_raw/dec-2023-data.xlsx,data_raw/dec-2023-smp-results.pdf
2023-12-01,2023-11-29,2023-12-04,SMP,2.63,2023-09-20,2.5,2023-12-04,5.375,0.1299999999999999,13.0,2.875,287.5,-274.5,75,xlsx,data_raw/dec-2023-data.xlsx,data_raw/dec-2023-smp-results.pdf
2023-12-01,2023-11-29,2023-12-04,SPD,2.75,2023-09-20,2.5,2023-12-04,5.375,0.25,25.0,2.875,287.5,-262.5,75,xlsx,data_raw/dec-2023-data.xlsx,data_raw/dec-2023-spd-results.pdf
2024-01-01,2024-01-17,2024-01-22,Combined,2.75,2023-12-13,2.5,2024-01-22,5.375,0.25,25.0,2.875,287.5,-262.5,40,xlsx,data_raw/jan-2024-data.xlsx,data_raw/jan-2024-smp-results.pdf
2024-01-01,2024-01-17,2024-01-22,SMP,2.69,2023-12-13,2.5,2024-01-22,5.375,0.18999999999999995,19.0,2.875,287.5,-268.5,40,xlsx,data_raw/jan-2024-data.xlsx,data_raw/jan-2024-smp-results.pdf
2024-01-01,2024-01-17,2024-01-22,SPD,2.88,2023-12-13,2.5,2024-01-22,5.375,0.3799999999999999,38.0,2.875,287.5,-249.5,40,xlsx,data_raw/jan-2024-data.xlsx,data_raw/jan-2024-spd-results.pdf
2024-03-01,2024-03-06,2024-03-11,Combined,2.75,2023-12-13,2.5,2024-03-11,5.375,0.25,25.0,2.875,287.5,-262.5,89,xlsx,data_raw/mar-2024-data.xlsx,data_raw/mar-2024-smp-results.pdf
2024-03-01,2024-03-06,2024-03-11,SMP,2.75,2023-12-13,2.5,2024-03-11,5.375,0.25,25.0,2.875,287.5,-262.5,89,xlsx,data_raw/mar-2024-data.xlsx,data_raw/mar-2024-smp-results.pdf
2024-03-01,2024-03-06,2024-03-11,SPD,2.94,2023-12-13,2.5,2024-03-11,5.375,0.43999999999999995,44.0,2.875,287.5,-243.5,89,xlsx,data_raw/mar-2024-data.xlsx,data_raw/mar-2024-spd-results.pdf
2024-05-01,2024-04-17,2024-04-22,Combined,3.0,2024-03-20,2.6,2024-04-22,5.375,0.3999999999999999,40.0,2.775,277.5,-237.5,33,xlsx,data_raw/apr-may-2024-data.xlsx,data_raw/apr-may-2024-smp-results.pdf
2024-05-01,2024-04-17,2024-04-22,SMP,2.88,2024-03-20,2.6,2024-04-22,5.375,0.2799999999999998,28.0,2.775,277.5,-249.5,33,xlsx,data_raw/apr-may-2024-data.xlsx,data_raw/apr-may-2024-smp-results.pdf
2024-05-01,2024-04-17,2024-04-22,SPD,3.0,2024-03-20,2.6,2024-04-22,5.375,0.3999999999999999,40.0,2.775,277.5,-237.5,33,xlsx,data_raw/apr-may-2024-data.xlsx,data_raw/apr-may-2024-spd-results.pdf
2024-06-01,2024-05-29,2024-06-03,Combined,3.0,2024-03-20,2.6,2024-06-03,5.375,0.3999999999999999,40.0,2.775,277.5,-237.5,75,xlsx,data_raw/jun-2024-data.xlsx,data_raw/jun-2024-smp-results.pdf
2024-06-01,2024-05-29,2024-06-03,SMP,2.88,2024-03-20,2.6,2024-06-03,5.375,0.2799999999999998,28.0,2.775,277.5,-249.5,75,xlsx,data_raw/jun-2024-data.xlsx,data_raw/jun-2024-smp-results.pdf
2024-06-01,2024-05-29,2024-06-03,SPD,3.13,2024-03-20,2.6,2024-06-03,5.375,0.5299999999999998,53.0,2.775,277.5,-224.5,75,xlsx,data_raw/jun-2024-data.xlsx,data_raw/jun-2024-spd-results.pdf
2024-07-01,2024-07-17,2024-07-22,Combined,3.0,2024-06-12,2.8,2024-07-22,5.375,0.20000000000000018,20.0,2.575,257.5,-237.5,40,xlsx,data_raw/jul-2024-data.xlsx,data_raw/jul-2024-smp-results.pdf
2024-07-01,2024-07-17,2024-07-22,SMP,3.0,2024-06-12,2.8,2024-07-22,5.375,0.20000000000000018,20.0,2.575,257.5,-237.5,40,xlsx,data_raw/jul-2024-data.xlsx,data_raw/jul-2024-smp-results.pdf
2024-07-01,2024-07-17,2024-07-22,SPD,3.13,2024-06-12,2.8,2024-07-22,5.375,0.33000000000000007,33.0,2.575,257.5,-224.5,40,xlsx,data_raw/jul-2024-data.xlsx,data_raw/jul-2024-spd-results.pdf
2024-09-01,2024-09-04,2024-09-09,Combined,2.88,2024-06-12,2.8,2024-09-09,5.375,0.08000000000000007,8.0,2.575,257.5,-249.5,89,xlsx,data_raw/sep-2024-data.xlsx,data_raw/sep-2024-smp-results.pdf
2024-09-01,2024-09-04,2024-09-09,SMP,2.88,2024-06-12,2.8,2024-09-09,5.375,0.08000000000000007,8.0,2.575,257.5,-249.5,89,xlsx,data_raw/sep-2024-data.xlsx,data_raw/sep-2024-smp-results.pdf
2024-09-01,2024-09-04,2024-09-09,SPD,3.06,2024-06-12,2.8,2024-09-09,5.375,0.26000000000000023,26.0,2.575,257.5,-231.5,89,xlsx,data_raw/sep-2024-data.xlsx,data_raw/sep-2024-spd-results.pdf
2024-11-01,2024-10-23,2024-10-28,Combined,3.0,2024-09-18,2.9,2024-10-28,4.875,0.10000000000000009,10.0,1.975,197.5,-187.5,40,xlsx,data_raw/nov-2024-data.xlsx,data_raw/nov-2024-smp-results.pdf
2024-11-01,2024-10-23,2024-10-28,SMP,2.88,2024-09-18,2.9,2024-10-28,4.875,-0.020000000000000018,-2.0,1.975,197.5,-199.5,40,xlsx,data_raw/nov-2024-data.xlsx,data_raw/nov-2024-smp-results.pdf
2024-11-01,2024-10-23,2024-10-28,SPD,3.13,2024-09-18,2.9,2024-10-28,4.875,0.22999999999999998,23.0,1.975,197.5,-174.5,40,xlsx,data_raw/nov-2024-data.xlsx,data_raw/nov-2024-spd-results.pdf
2024-12-01,2024-12-04,2024-12-09,Combined,3.13,2024-09-18,2.9,2024-12-09,4.625,0.22999999999999998,23.0,1.725,172.5,-149.5,82,xlsx,data_raw/dec-2024-data.xlsx,data_raw/dec-2024-smp-results.pdf
2024-12-01,2024-12-04,2024-12-09,SMP,2.94,2024-09-18,2.9,2024-12-09,4.625,0.040000000000000036,4.0,1.725,172.5,-168.5,82,xlsx,data_raw/dec-2024-data.xlsx,data_raw/dec-2024-smp-results.pdf
2024-12-01,2024-12-04,2024-12-09,SPD,3.13,2024-09-18,2.9,2024-12-09,4.625,0.22999999999999998,23.0,1.725,172.5,-149.5,82,xlsx,data_raw/dec-2024-data.xlsx,data_raw/dec-2024-spd-results.pdf
2025-01-01,2025-01-15,2025-01-21,Combined,3.13,2024-12-18,3.0,2025-01-21,4.375,0.1299999999999999,13.0,1.375,137.5,-124.5,34,xlsx,data_raw/jan-2025-data.xlsx,data_raw/jan-2025-sme-results.pdf
2025-01-01,2025-01-15,2025-01-21,SMP,3.0,2024-12-18,3.0,2025-01-21,4.375,0.0,0.0,1.375,137.5,-137.5,34,xlsx,data_raw/jan-2025-data.xlsx,data_raw/jan-2025-sme-results.pdf
2025-01-01,2025-01-15,2025-01-21,SPD,3.19,2024-12-18,3.0,2025-01-21,4.375,0.18999999999999995,19.0,1.375,137.5,-118.5,34,xlsx,data_raw/jan-2025-data.xlsx,data_raw/jan-2025-sme-results.pdf
2025-03-01,2025-03-05,2025-03-10,Combined,3.13,2024-12-18,3.0,2025-03-10,4.375,0.1299999999999999,13.0,1.375,137.5,-124.5,82,xlsx,data_raw/mar-2025-data.xlsx,data_raw/mar-2025-sme-results.pdf
2025-03-01,2025-03-05,2025-03-10,SMP,3.06,2024-12-18,3.0,2025-03-10,4.375,0.06000000000000005,6.0,1.375,137.5,-131.5,82,xlsx,data_raw/mar-2025-data.xlsx,data_raw/mar-2025-sme-results.pdf
2025-03-01,2025-03-05,2025-03-10,SPD,3.13,2024-12-18,3.0,2025-03-10,4.375,0.1299999999999999,13.0,1.375,137.5,-124.5,82,xlsx,data_raw/mar-2025-data.xlsx,data_raw/mar-2025-sme-results.pdf
2025-05-01,2025-04-23,2025-04-28,Combined,3.13,2025-03-19,3.0,2025-04-28,4.375,0.1299999999999999,13.0,1.375,137.5,-124.5,40,xlsx,data_raw/may-2025-data.xlsx,data_raw/may-2025-sme-results.pdf
2025-05-01,2025-04-23,2025-04-28,SMP,3.0,2025-03-19,3.0,2025-04-28,4.375,0.0,0.0,1.375,137.5,-137.5,40,xlsx,data_raw/may-2025-data.xlsx,data_raw/may-2025-sme-results.pdf
2025-05-01,2025-04-23,2025-04-28,SPD,3.13,2025-03-19,3.0,2025-04-28,4.375,0.1299999999999999,13.0,1.375,137.5,-124.5,40,xlsx,data_raw/may-2025-data.xlsx,data_raw/may-2025-sme-results.pdf
2025-06-01,2025-06-04,2025-06-09,Combined,3.13,2025-03-19,3.0,2025-06-09,4.375,0.1299999999999999,13.0,1.375,137.5,-124.5,82,xlsx,data_raw/jun-2025-data.xlsx,data_raw/jun-2025-sme-results.pdf
2025-06-01,2025-06-04,2025-06-09,SMP,3.0,2025-03-19,3.0,2025-06-09,4.375,0.0,0.0,1.375,137.5,-137.5,82,xlsx,data_raw/jun-2025-data.xlsx,data_raw/jun-2025-sme-results.pdf
2025-06-01,2025-06-04,2025-06-09,SPD,3.13,2025-03-19,3.0,2025-06-09,4.375,0.1299999999999999,13.0,1.375,137.5,-124.5,82,xlsx,data_raw/jun-2025-data.xlsx,data_raw/jun-2025-sme-results.pdf
2025-07-01,2025-07-16,2025-07-21,Combined,3.13,2025-06-18,3.0,2025-07-21,4.375,0.1299999999999999,13.0,1.375,137.5,-124.5,33,xlsx,data_raw/jul-2025-data.xlsx,data_raw/jul-2025-sme-results.pdf
2025-07-01,2025-07-16,2025-07-21,SMP,3.0,2025-06-18,3.0,2025-07-21,4.375,0.0,0.0,1.375,137.5,-137.5,33,xlsx,data_raw/jul-2025-data.xlsx,data_raw/jul-2025-sme-results.pdf
2025-07-01,2025-07-16,2025-07-21,SPD,3.13,2025-06-18,3.0,2025-07-21,4.375,0.1299999999999999,13.0,1.375,137.5,-124.5,33,xlsx,data_raw/jul-2025-data.xlsx,data_raw/jul-2025-sme-results.pdf
2025-09-01,2025-09-03,2025-09-08,Combined,3.13,2025-06-18,3.0,2025-09-08,4.375,0.1299999999999999,13.0,1.375,137.5,-124.5,82,xlsx,data_raw/sep-2025-data.xlsx,data_raw/sep-2025-sme-results.pdf
2025-09-01,2025-09-03,2025-09-08,SMP,3.0,2025-06-18,3.0,2025-09-08,4.375,0.0,0.0,1.375,137.5,-137.5,82,xlsx,data_raw/sep-2025-data.xlsx,data_raw/sep-2025-sme-results.pdf
2025-09-01,2025-09-03,2025-09-08,SPD,3.13,2025-06-18,3.0,2025-09-08,4.375,0.1299999999999999,13.0,1.375,137.5,-124.5,82,xlsx,data_raw/sep-2025-data.xlsx,data_raw/sep-2025-sme-results.pdf
2025-10-01,2025-10-15,2025-10-20,Combined,3.13,2025-09-17,3.0,2025-10-20,4.125,0.1299999999999999,13.0,1.125,112.5,-99.5,33,xlsx,data_raw/oct-2025-data.xlsx,data_raw/oct-2025-sme-results.pdf
2025-10-01,2025-10-15,2025-10-20,SMP,3.0,2025-09-17,3.0,2025-10-20,4.125,0.0,0.0,1.125,112.5,-112.5,33,xlsx,data_raw/oct-2025-data.xlsx,data_raw/oct-2025-sme-results.pdf
2025-10-01,2025-10-15,2025-10-20,SPD,3.13,2025-09-17,3.0,2025-10-20,4.125,0.1299999999999999,13.0,1.125,112.5,-99.5,33,xlsx,data_raw/oct-2025-data.xlsx,data_raw/oct-2025-sme-results.pdf
2025-12-01,2025-11-25,2025-12-01,Combined,3.13,2025-09-17,3.0,2025-12-01,3.875,0.1299999999999999,13.0,0.875,87.5,-74.5,75,xlsx,data_raw/dec-2025-data.xlsx,data_raw/dec-2025-sme-results.pdf
2025-12-01,2025-11-25,2025-12-01,SMP,3.0,2025-09-17,3.0,2025-12-01,3.875,0.0,0.0,0.875,87.5,-87.5,75,xlsx,data_raw/dec-2025-data.xlsx,data_raw/dec-2025-sme-results.pdf
2025-12-01,2025-11-25,2025-12-01,SPD,3.13,2025-09-17,3.0,2025-12-01,3.875,0.1299999999999999,13.0,0.875,87.5,-74.5,75,xlsx,data_raw/dec-2025-data.xlsx,data_raw/dec-2025-sme-results.pdf
2026-01-01,2026-01-14,2026-01-20,Combined,3.1,2025-12-10,3.0,2026-01-20,3.625,0.10000000000000009,10.0,0.625,62.5,-52.5,41,xlsx,data_raw/jan-2026-data.xlsx,data_raw/jan-2026-sme-results.pdf
2026-01-01,2026-01-14,2026-01-20,SMP,3.0,2025-12-10,3.0,2026-01-20,3.625,0.0,0.0,0.625,62.5,-62.5,41,xlsx,data_raw/jan-2026-data.xlsx,data_raw/jan-2026-sme-results.pdf
2026-01-01,2026-01-14,2026-01-20,SPD,3.13,2025-12-10,3.0,2026-01-20,3.625,0.1299999999999999,13.0,0.625,62.5,-49.5,41,xlsx,data_raw/jan-2026-data.xlsx,data_raw/jan-2026-sme-results.pdf
2026-03-01,2026-03-04,2026-03-09,Combined,3.13,2025-12-10,3.0,2026-03-09,3.625,0.1299999999999999,13.0,0.625,62.5,-49.5,89,xlsx,data_raw/mar-2026-data.xlsx,data_raw/mar-2026-sme-results.pdf
2026-03-01,2026-03-04,2026-03-09,SMP,3.0,2025-12-10,3.0,2026-03-09,3.625,0.0,0.0,0.625,62.5,-62.5,89,xlsx,data_raw/mar-2026-data.xlsx,data_raw/mar-2026-sme-results.pdf
2026-03-01,2026-03-04,2026-03-09,SPD,3.13,2025-12-10,3.0,2026-03-09,3.625,0.1299999999999999,13.0,0.625,62.5,-49.5,89,xlsx,data_raw/mar-2026-data.xlsx,data_raw/mar-2026-sme-results.pdf
2026-04-01,2026-04-15,2026-04-20,Combined,3.13,2026-03-18,3.1,2026-04-20,3.625,0.029999999999999805,3.0,0.5249999999999999,52.5,-49.5,33,xlsx,data_raw/apr-2026-data.xlsx,data_raw/apr-2026-sme-results.pdf
2026-04-01,2026-04-15,2026-04-20,SMP,3.0,2026-03-18,3.1,2026-04-20,3.625,-0.10000000000000009,-10.0,0.5249999999999999,52.5,-62.5,33,xlsx,data_raw/apr-2026-data.xlsx,data_raw/apr-2026-sme-results.pdf
2026-04-01,2026-04-15,2026-04-20,SPD,3.13,2026-03-18,3.1,2026-04-20,3.625,0.029999999999999805,3.0,0.5249999999999999,52.5,-49.5,33,xlsx,data_raw/apr-2026-data.xlsx,data_raw/apr-2026-sme-results.pdf
