survey_date,panel,distributed_date,received_by_date,source_file,notes
2011-01-01,SPD,2011-01-13,2011-01-18,data_raw/2011-January_result.pdf,
2011-03-01,SPD,2011-03-03,2011-03-07,data_raw/2011-March_result.pdf,
2011-04-01,SPD,2011-04-13,2011-04-18,data_raw/2011-April_result.pdf,
2011-06-01,SPD,2011-06-09,2011-06-13,data_raw/2011-June_result.pdf,
2011-08-01,SPD,2011-07-28,2011-08-01,data_raw/2011-August_result.pdf,
2011-09-01,SPD,2011-09-08,2011-09-12,data_raw/2011-September_result.pdf,
2011-10-01,SPD,2011-10-20,2011-10-24,data_raw/November_result.pdf,
2011-11-01,SPD,2011-10-20,2011-10-24,data_raw/2011-November_result.pdf,
2012-06-01,SPD,2012-06-07,2012-06-11,data_raw/2012-June_result.pdf,
2012-07-01,SPD,2012-07-19,2012-07-23,data_raw/august_result.pdf,
2012-08-01,SPD,2012-07-19,2012-07-23,data_raw/2012-august_result.pdf,
2012-09-01,SPD,2012-08-31,2012-09-04,data_raw/2012-September_result.pdf,
2012-10-01,SPD,2012-10-11,2012-10-15,data_raw/2012-October_result.pdf,
2012-12-01,SPD,2012-11-29,2012-12-03,data_raw/2012-December_result.pdf,
2013-01-01,SPD,2013-01-17,2013-01-22,data_raw/2013-January_result.pdf,
2013-03-01,SPD,2013-03-07,2013-03-11,data_raw/2013-March_result.pdf,
2013-04-01,SPD,2013-04-18,2013-04-22,data_raw/2013-April_result.pdf,
2013-06-01,SPD,2013-06-06,2013-06-10,data_raw/2013-June_result.pdf,
2013-07-01,SPD,2013-07-17,2013-07-22,data_raw/2013-July_result.pdf,
2013-09-01,SPD,2013-09-05,2013-09-09,data_raw/2013-September_result.pdf,
2013-10-01,SPD,2013-10-17,2013-10-22,data_raw/2013-October_result.pdf,
2013-12-01,SPD,2013-12-05,2013-12-09,data_raw/2013-December_result.pdf,
2014-01-01,SMP,2014-01-16,2014-01-21,data_raw/2014-mp_January_result.pdf,
2014-01-01,SPD,2014-01-16,2014-01-21,data_raw/2014-January_result.pdf,
2014-03-01,SMP,2014-03-06,2014-03-10,data_raw/2014-mp_March_result.pdf,
2014-03-01,SPD,2014-03-06,2014-03-10,data_raw/2014-March_result.pdf,
2014-04-01,SMP,2014-04-17,2014-04-22,data_raw/2014-mp_April_result.pdf,
2014-04-01,SPD,2014-04-17,2014-04-22,data_raw/2014-April_result.pdf,
2014-06-01,SMP,2014-06-05,2014-06-09,data_raw/2014-mp_June_result.pdf,
2014-06-01,SPD,2014-06-05,2014-06-09,data_raw/2014-June_result.pdf,
2014-07-01,SMP,2014-07-16,2014-07-21,data_raw/2014-mp_July_result.pdf,
2014-07-01,SPD,2014-07-16,2014-07-21,data_raw/2014-July_result.pdf,
2014-09-01,SMP,2014-09-04,2014-09-08,data_raw/2014-mp_September_result.pdf,
2014-09-01,SPD,2014-09-04,2014-09-08,data_raw/2014-September_result.pdf,
2014-10-01,SMP,2014-10-16,2014-10-20,data_raw/2014-mp_October_result.pdf,
2014-10-01,SPD,2014-10-16,2014-10-20,data_raw/2014-October_result.pdf,
2014-12-01,SMP,2014-12-04,2014-12-08,data_raw/2014-mp_December_result.pdf,
2014-12-01,SPD,2014-12-04,2014-12-08,data_raw/2014-December_result.pdf,
2015-01-01,SMP,2015-01-15,2015-01-20,data_raw/mp-January-result.pdf,
2015-01-01,SPD,2015-01-15,2015-01-20,data_raw/January-result.pdf,
2015-03-01,SMP,2015-03-05,2015-03-09,data_raw/mp-March-result.pdf,
2015-03-01,SPD,2015-03-05,2015-03-09,data_raw/March-result.pdf,
2015-04-01,SMP,2015-04-16,2015-04-20,data_raw/mp-April-result.pdf,
2015-04-01,SPD,2015-04-16,2015-04-20,data_raw/April-result.pdf,
2015-06-01,SMP,2015-06-04,2015-06-08,data_raw/mp-June-result.pdf,
2015-06-01,SPD,2015-06-04,2015-06-08,data_raw/June-result.pdf,
2015-07-01,SMP,2015-07-15,2015-07-20,data_raw/mp-July-result.pdf,
2015-07-01,SPD,2015-07-15,2015-07-20,data_raw/July-result.pdf,
2015-09-01,SMP,2015-09-03,2015-09-08,data_raw/mp-sep-result.pdf,
2015-09-01,SPD,2015-09-03,2015-09-08,data_raw/Sep-results.pdf,
2015-12-01,SMP,2015-12-03,2015-12-07,data_raw/mp-Dec-2015-results.pdf,
2015-12-01,SPD,2015-12-03,2015-12-07,data_raw/Dec-2015-results.pdf,
2016-01-01,SMP,2016-01-14,2016-01-19,data_raw/jan-results-mp.pdf,
2016-01-01,SPD,2016-01-14,2016-01-19,data_raw/jan-2016-results.pdf,
2016-03-01,SMP,2016-03-03,2016-03-07,data_raw/mar-results-mp.pdf,
2016-03-01,SPD,2016-03-03,2016-03-07,data_raw/mar-2016-results.pdf,
2016-04-01,SMP,2016-04-14,2016-04-18,data_raw/apr-results-mp.pdf,
2016-04-01,SPD,2016-04-14,2016-04-18,data_raw/apr-2016-results.pdf,
2016-06-01,SMP,2016-06-02,2016-06-06,data_raw/jun-results-mp.pdf,
2016-06-01,SPD,2016-06-02,2016-06-06,data_raw/jun-2016-results.pdf,
2016-07-01,SMP,2016-07-14,2016-07-18,data_raw/jul-results-mp.pdf,
2016-07-01,SPD,2016-07-14,2016-07-18,data_raw/jul-2016-results.pdf,
2016-09-01,SMP,2016-09-08,2016-09-12,data_raw/sep-results-mp.pdf,
2016-09-01,SPD,2016-09-08,2016-09-12,data_raw/sep-2016-results.pdf,
2016-11-01,SMP,2016-10-20,2016-10-24,data_raw/Nov-2016-SMP-Results.pdf,
2016-11-01,SPD,2016-10-20,2016-10-24,data_raw/Nov-2016-SPD-Results.pdf,
2016-12-01,SMP,2016-12-01,2016-12-05,data_raw/Dec-2016-Flash-SMP-Results-Public-Release.pdf,
2016-12-01,SPD,2016-12-01,2016-12-05,data_raw/Dec-2016-SPD-Results-Public-Release.pdf,
2017-01-01,SMP,2017-01-19,2017-01-23,data_raw/Jan-2017-SMP-Results-Public-Release.pdf,
2017-01-01,SPD,2017-01-19,2017-01-23,data_raw/Jan-2017-SPD-Results-Public-Release.pdf,
2017-03-01,SMP,2017-03-02,2017-03-06,data_raw/Mar-2017-SMP-Results-Public-Release.pdf,
2017-03-01,SPD,2017-03-02,2017-03-06,data_raw/Mar-2017-SPD-Results-Public-Release.pdf,
2017-05-01,SMP,2017-04-20,2017-04-24,data_raw/may-2017-SMP-Results-Public-Release.pdf,
2017-06-01,SMP,2017-06-01,2017-06-05,data_raw/jun-2017-smp-results.pdf,
2017-06-01,SPD,2017-06-01,2017-06-05,data_raw/jun-2017-spd-results.pdf,
2017-07-01,SMP,2017-07-13,2017-07-17,data_raw/jul-2017-smp-results.pdf,
2017-07-01,SPD,2017-07-13,2017-07-17,data_raw/jul-2017-spd-results.pdf,
2017-09-01,SMP,2017-09-07,2017-09-11,data_raw/sep-2017-smp-results.pdf,
2017-09-01,SPD,2017-09-07,2017-09-11,data_raw/sep-2017-spd-results.pdf,
2017-11-01,SMP,2017-10-19,2017-10-23,data_raw/oct-nov-2017-smp-results.pdf,
2017-11-01,SPD,2017-10-19,2017-10-23,data_raw/oct-nov-2017-spd-results.pdf,
2017-12-01,SMP,2017-11-30,2017-12-04,data_raw/dec-2017-smp-results.pdf,
2017-12-01,SPD,2017-11-30,2017-12-04,data_raw/dec-2017-spd-results.pdf,
2018-01-01,SMP,2018-01-18,2018-01-22,data_raw/jan-2018-smp-results.pdf,
2018-01-01,SPD,2018-01-18,2018-01-22,data_raw/jan-2018-spd-results.pdf,
2018-03-01,SMP,2018-03-08,2018-03-12,data_raw/mar-2018-smp-results.pdf,
2018-03-01,SPD,2018-03-08,2018-03-12,data_raw/mar-2018-spd-results.pdf,
2018-05-01,SMP,2018-04-19,2018-04-23,data_raw/may-2018-smp-results.pdf,
2018-05-01,SPD,2018-04-19,2018-04-23,data_raw/may-2018-spd-results.pdf,
2018-06-01,SMP,2018-05-31,2018-06-04,data_raw/jun-2018-smp-results.pdf,
2018-06-01,SPD,2018-05-31,2018-06-04,data_raw/jun-2018-spd-results.pdf,
2018-08-01,SMP,2018-07-19,2018-07-23,data_raw/jul-aug-2018-smp-results.pdf,
2018-08-01,SPD,2018-07-19,2018-07-23,data_raw/jul-aug-2018-spd-results.pdf,
2018-09-01,SMP,2018-09-13,2018-09-17,data_raw/sep-2018-smp-results.pdf,
2018-09-01,SPD,2018-09-13,2018-09-17,data_raw/sep-2018-spd-results.pdf,
2018-11-01,SMP,2018-10-25,2018-10-29,data_raw/nov-2018-smp-results.pdf,
2018-11-01,SPD,2018-10-25,2018-10-29,data_raw/nov-2018-spd-results.pdf,
2018-12-01,SMP,2018-12-06,2018-12-10,data_raw/dec-2018-smp-results.pdf,
2018-12-01,SPD,2018-12-06,2018-12-10,data_raw/dec-2018-spd-results.pdf,
2019-01-01,SMP,2019-01-17,2019-01-22,data_raw/jan-2019-smp-results.pdf,
2019-01-01,SPD,2019-01-17,2019-01-22,data_raw/jan-2019-spd-results.pdf,
2019-03-01,SMP,2019-03-06,2019-03-11,data_raw/mar-2019-smp-results.pdf,
2019-03-01,SPD,2019-03-06,2019-03-11,data_raw/mar-2019-spd-results.pdf,
2019-05-01,SMP,2019-04-17,2019-04-22,data_raw/apr-may-2019-smp-results.pdf,
2019-05-01,SPD,2019-04-17,2019-04-22,data_raw/apr-may-2019-spd-results.pdf,
2019-06-01,SMP,2019-06-05,2019-06-10,data_raw/jun-2019-smp-results.pdf,
2019-06-01,SPD,2019-06-05,2019-06-10,data_raw/jun-2019-spd-results.pdf,
2019-07-01,SMP,2019-07-17,2019-07-22,data_raw/jul-2019-smp-results.pdf,
2019-07-01,SPD,2019-07-17,2019-07-22,data_raw/jul-2019-spd-results.pdf,
2019-09-01,SMP,2019-09-04,2019-09-09,data_raw/sep-2019-smp-results.pdf,
2019-09-01,SPD,2019-09-04,2019-09-09,data_raw/sep-2019-spd-results.pdf,
2019-10-01,SMP,2019-10-16,2019-10-21,data_raw/oct-2019-smp-results.pdf,
2019-10-01,SPD,2019-10-16,2019-10-21,data_raw/oct-2019-spd-results.pdf,
2019-12-01,SMP,2019-11-26,2019-12-02,data_raw/dec-2019-smp-results.pdf,
2019-12-01,SPD,2019-11-26,2019-12-02,data_raw/dec-2019-spd-results.pdf,
2020-01-01,SMP,2020-01-15,2020-01-21,data_raw/jan-2020-smp-results.pdf,
2020-01-01,SPD,2020-01-15,2020-01-21,data_raw/jan-2020-spd-results.pdf,
2020-03-01,SMP,2020-03-04,2020-03-09,data_raw/mar-2020-smp-results.pdf,
2020-03-01,SPD,2020-03-04,2020-03-09,data_raw/mar-2020-spd-results.pdf,
2020-04-01,SMP,2020-04-15,2020-04-20,data_raw/apr-2020-smp-results.pdf,
2020-04-01,SPD,2020-04-15,2020-04-20,data_raw/apr-2020-spd-results.pdf,
2020-06-01,SMP,2020-05-27,2020-06-01,data_raw/jun-2020-smp-results.pdf,
2020-06-01,SPD,2020-05-27,2020-06-01,data_raw/jun-2020-spd-results.pdf,
2020-07-01,SMP,2020-07-15,2020-07-20,data_raw/jul-2020-smp-results.pdf,
2020-07-01,SPD,2020-07-15,2020-07-20,data_raw/jul-2020-spd-results.pdf,
2020-09-01,SMP,2020-09-02,2020-09-08,data_raw/sep-2020-smp-results.pdf,
2020-09-01,SPD,2020-09-02,2020-09-08,data_raw/sep-2020-spd-results.pdf,
2020-11-01,SMP,2020-10-21,2020-10-26,data_raw/nov-2020-smp-results.pdf,
2020-11-01,SPD,2020-10-21,2020-10-26,data_raw/nov-2020-spd-results.pdf,
2020-12-01,SMP,2020-12-02,2020-12-07,data_raw/dec-2020-smp-results.pdf,
2020-12-01,SPD,2020-12-02,2020-12-07,data_raw/dec-2020-spd-results.pdf,
2021-01-01,SMP,2021-01-13,2021-01-19,data_raw/jan-2021-smp-results.pdf,
2021-01-01,SPD,2021-01-13,2021-01-19,data_raw/jan-2021-spd-results.pdf,
2021-03-01,SMP,2021-03-03,2021-03-08,data_raw/mar-2021-smp-results.pdf,
2021-03-01,SPD,2021-03-03,2021-03-08,data_raw/mar-2021-spd-results.pdf,
2021-04-01,SMP,2021-04-14,2021-04-19,data_raw/apr-2021-smp-results.pdf,
2021-04-01,SPD,2021-04-14,2021-04-19,data_raw/apr-2021-spd-results.pdf,
2021-06-01,SMP,2021-06-02,2021-06-07,data_raw/jun-2021-smp-results.pdf,
2021-06-01,SPD,2021-06-02,2021-06-07,data_raw/jun-2021-spd-results.pdf,
2021-07-01,SMP,2021-07-14,2021-07-19,data_raw/jul-2021-smp-results.pdf,
2021-07-01,SPD,2021-07-14,2021-07-19,data_raw/jul-2021-spd-results.pdf,
2021-09-01,SMP,2021-09-08,2021-09-13,data_raw/sep-2021-smp-results.pdf,
2021-09-01,SPD,2021-09-08,2021-09-13,data_raw/sep-2021-spd-results.pdf,
2021-11-01,SMP,2021-10-20,2021-10-25,data_raw/nov-2021-smp-results.pdf,
2021-11-01,SPD,2021-10-20,2021-10-25,data_raw/nov-2021-spd-results.pdf,
2021-12-01,SMP,2021-12-01,2021-12-06,data_raw/dec-2021-smp-results.pdf,
2021-12-01,SPD,2021-12-01,2021-12-06,data_raw/dec-2021-spd-results.pdf,
2022-01-01,SMP,2022-01-12,2022-01-18,data_raw/jan-2022-smp-results.pdf,
2022-01-01,SPD,2022-01-12,2022-01-18,data_raw/jan-2022-spd-results.pdf,
2022-03-01,SMP,2022-03-02,2022-03-07,data_raw/mar-2022-smp-results.pdf,
2022-03-01,SPD,2022-03-02,2022-03-07,data_raw/mar-2022-spd-results.pdf,
2022-05-01,SMP,2022-04-20,2022-04-25,data_raw/may-2022-smp-results.pdf,
2022-05-01,SPD,2022-04-20,2022-04-25,data_raw/may-2022-spd-results.pdf,
2022-06-01,SMP,2022-06-01,2022-06-06,data_raw/jun-2022-smp-results.pdf,
2022-06-01,SPD,2022-06-01,2022-06-06,data_raw/jun-2022-spd-results.pdf,
2022-07-01,SMP,2022-07-13,2022-07-18,data_raw/jul-2022-smp-results.pdf,
2022-07-01,SPD,2022-07-13,2022-07-18,data_raw/jul-2022-spd-results.pdf,
2022-09-01,SMP,2022-09-07,2022-09-12,data_raw/sep-2022-smp-results.pdf,
2022-09-01,SPD,2022-09-07,2022-09-12,data_raw/sep-2022-spd-results.pdf,
2022-11-01,SMP,2022-10-19,2022-10-24,data_raw/nov-2022-smp-results.pdf,
2022-11-01,SPD,2022-10-19,2022-10-24,data_raw/nov-2022-spd-results.pdf,
2022-12-01,SMP,2022-11-30,2022-12-05,data_raw/dec-2022-smp-results.pdf,
2022-12-01,SPD,2022-11-30,2022-12-05,data_raw/dec-2022-spd-results.pdf,
2023-02-01,SMP,2023-01-18,2023-01-23,data_raw/jan-feb-2023-smp-results.pdf,
2023-02-01,SPD,2023-01-18,2023-01-23,data_raw/jan-feb-2023-spd-results.pdf,
2023-03-01,SMP,2023-03-08,2023-03-14,data_raw/mar-2023-smp-results.pdf,
2023-03-01,SPD,2023-03-08,2023-03-14,data_raw/mar-2023-spd-results.pdf,
2023-05-01,SMP,2023-04-19,2023-04-24,data_raw/may-2023-smp-results.pdf,image_only_cover_manual
2023-05-01,SPD,2023-04-19,2023-04-24,data_raw/may-2023-spd-results.pdf,image_only_cover_manual
2023-06-01,SMP,2023-05-31,2023-06-05,data_raw/jun-2023-smp-results.pdf,
2023-06-01,SPD,2023-05-31,2023-06-05,data_raw/jun-2023-spd-results.pdf,
2023-07-01,SMP,2023-07-12,2023-07-17,data_raw/jul-2023-smp-results.pdf,
2023-07-01,SPD,2023-07-12,2023-07-17,data_raw/jul-2023-spd-results.pdf,
2023-09-01,SMP,2023-09-06,2023-09-11,data_raw/sep-2023-smp-results.pdf,
2023-09-01,SPD,2023-09-06,2023-09-11,data_raw/sep-2023-spd-results.pdf,
2023-10-01,SMP,2023-10-18,2023-10-23,data_raw/oct-2023-smp-results.pdf,
2023-10-01,SPD,2023-10-18,2023-10-23,data_raw/oct-2023-spd-results.pdf,
2023-12-01,SMP,2023-11-29,2023-12-04,data_raw/dec-2023-smp-results.pdf,
2023-12-01,SPD,2023-11-29,2023-12-04,data_raw/dec-2023-spd-results.pdf,
2024-01-01,SMP,2024-01-17,2024-01-22,data_raw/jan-2024-smp-results.pdf,
2024-01-01,SPD,2024-01-17,2024-01-22,data_raw/jan-2024-spd-results.pdf,
2024-03-01,SMP,2024-03-06,2024-03-11,data_raw/mar-2024-smp-results.pdf,
2024-03-01,SPD,2024-03-06,2024-03-11,data_raw/mar-2024-spd-results.pdf,
2024-05-01,SMP,2024-04-17,2024-04-22,data_raw/apr-may-2024-smp-results.pdf,
2024-05-01,SPD,2024-04-17,2024-04-22,data_raw/apr-may-2024-spd-results.pdf,
2024-06-01,SMP,2024-05-29,2024-06-03,data_raw/jun-2024-smp-results.pdf,
2024-06-01,SPD,2024-05-29,2024-06-03,data_raw/jun-2024-spd-results.pdf,
2024-07-01,SMP,2024-07-17,2024-07-22,data_raw/jul-2024-smp-results.pdf,
2024-07-01,SPD,2024-07-17,2024-07-22,data_raw/jul-2024-spd-results.pdf,
2024-09-01,SMP,2024-09-04,2024-09-09,data_raw/sep-2024-smp-results.pdf,
2024-09-01,SPD,2024-09-04,2024-09-09,data_raw/sep-2024-spd-results.pdf,
2024-11-01,SMP,2024-10-23,2024-10-28,data_raw/nov-2024-smp-results.pdf,
2024-11-01,SPD,2024-10-23,2024-10-28,data_raw/nov-2024-spd-results.pdf,
2024-12-01,SMP,2024-12-04,2024-12-09,data_raw/dec-2024-smp-results.pdf,
2024-12-01,SPD,2024-12-04,2024-12-09,data_raw/dec-2024-spd-results.pdf,
2025-01-01,Combined,2025-01-15,2025-01-21,data_raw/jan-2025-sme-results.pdf,
2025-03-01,Combined,2025-03-05,2025-03-10,data_raw/mar-2025-sme-results.pdf,
2025-05-01,Combined,2025-04-23,2025-04-28,data_raw/may-2025-sme-results.pdf,
2025-06-01,Combined,2025-06-04,2025-06-09,data_raw/jun-2025-sme-results.pdf,
2025-07-01,Combined,2025-07-16,2025-07-21,data_raw/jul-2025-sme-results.pdf,
2025-09-01,Combined,2025-09-03,2025-09-08,data_raw/sep-2025-sme-results.pdf,
2025-10-01,Combined,2025-10-15,2025-10-20,data_raw/oct-2025-sme-results.pdf,
2025-12-01,Combined,2025-11-25,2025-12-01,data_raw/dec-2025-sme-results.pdf,
2026-01-01,Combined,2026-01-14,2026-01-20,data_raw/jan-2026-sme-results.pdf,
2026-03-01,Combined,2026-03-04,2026-03-09,data_raw/mar-2026-sme-results.pdf,
2026-04-01,Combined,2026-04-15,2026-04-20,data_raw/apr-2026-sme-results.pdf,
