survey_date,panel,distributed_date,received_by_date,concept,pctl25,pctl50,pctl75,source,file_url,local_path,pdf_page,notes,receipt_source_file
2011-01-01,SPD,2011-01-13,2011-01-18,ff_longer_run_target,,,,pdf_llm,data_raw/2011-January_result.pdf,data_raw/2011-January_result.pdf,,"No table/question in this PDF reports a 'Longer Run' federal funds rate target with percentiles; the document includes near-term policy rate expectations through 2012 and other items, but not a 'Longer Run' column (nor a '10-yr Average FF Rate' column) for the federal funds rate.",data_raw/2011-January_result.pdf
2011-03-01,SPD,2011-03-03,2011-03-07,ff_longer_run_target,,,,pdf_llm,data_raw/2011-March_result.pdf,data_raw/2011-March_result.pdf,,No table/question in this PDF reports a 'Longer Run' federal funds rate target (nor a '10-yr Average FF Rate' column). The document contains near-term/quarterly fed funds expectations and SOMA-related questions only.,data_raw/2011-March_result.pdf
2011-04-01,SPD,2011-04-13,2011-04-18,ff_longer_run_target,,,,pdf_llm,data_raw/2011-April_result.pdf,data_raw/2011-April_result.pdf,,"Longer Run federal funds rate target percentiles table/column not present in this PDF (it contains quarterly fed funds target/range forecasts through Q1 2013, but no 'Longer Run' vs '10-yr Average FF Rate' table).",data_raw/2011-April_result.pdf
2011-06-01,SPD,2011-06-09,2011-06-13,ff_longer_run_target,,,,pdf_llm,data_raw/2011-June_result.pdf,data_raw/2011-June_result.pdf,,No table/column labeled 'Longer Run' (or '10-yr Average FF Rate') appears in this PDF; it contains near-term policy expectations and quarterly fed funds target/range forecasts only.,data_raw/2011-June_result.pdf
2011-08-01,SPD,2011-07-28,2011-08-01,ff_longer_run_target,,,,pdf_llm,data_raw/2011-August_result.pdf,data_raw/2011-August_result.pdf,,"No table/question with a 'Longer Run' federal funds rate column is present in this PDF (it contains near-term policy expectations, SOMA/reserves, and inflation/CPI long-run expectations, but not longer-run fed funds rate percentiles).",data_raw/2011-August_result.pdf
2011-09-01,SPD,2011-09-08,2011-09-12,ff_longer_run_target,,,,pdf_llm,data_raw/2011-September_result.pdf,data_raw/2011-September_result.pdf,,No table/question in this PDF reports a 'Longer Run' federal funds rate target (or a '10-yr Average FF Rate' vs 'Longer Run' column). The document contains near-term policy expectations and other forecasts only.,data_raw/2011-September_result.pdf
2011-11-01,SPD,2011-10-20,2011-10-24,ff_longer_run_target,,,,pdf_llm,data_raw/2011-November_result.pdf,data_raw/2011-November_result.pdf,,"No table/question in this PDF reports a 'Longer Run' federal funds rate target (or a '10-yr Average FF Rate' vs 'Longer Run' column). The document contains near-term policy rate probabilities and quarterly projections through Q1 2014, plus other items, but not a longer-run FF rate percentile table.",data_raw/2011-November_result.pdf
2012-06-01,SPD,2012-06-07,2012-06-11,ff_longer_run_target,3.94,4.0,4.0,pdf_llm,data_raw/2012-June_result.pdf,data_raw/2012-June_result.pdf,3.0,,data_raw/2012-June_result.pdf
2012-08-01,SPD,2012-07-19,2012-07-23,ff_longer_run_target,3.75,4.0,4.0,pdf_llm,data_raw/2012-august_result.pdf,data_raw/2012-august_result.pdf,2.0,,data_raw/2012-august_result.pdf
2012-09-01,SPD,2012-08-31,2012-09-04,ff_longer_run_target,3.75,4.0,4.0,pdf_llm,data_raw/2012-September_result.pdf,data_raw/2012-September_result.pdf,3.0,,data_raw/2012-September_result.pdf
2012-10-01,SPD,2012-10-11,2012-10-15,ff_longer_run_target,4.0,4.0,4.0,pdf_llm,data_raw/2012-October_result.pdf,data_raw/2012-October_result.pdf,2.0,,data_raw/2012-October_result.pdf
2012-12-01,SPD,2012-11-29,2012-12-03,ff_longer_run_target,4.0,4.0,4.0,pdf_llm,data_raw/2012-December_result.pdf,data_raw/2012-December_result.pdf,3.0,,data_raw/2012-December_result.pdf
2013-01-01,SPD,2013-01-17,2013-01-22,ff_longer_run_target,4.0,4.0,4.0,pdf_llm,data_raw/2013-January_result.pdf,data_raw/2013-January_result.pdf,2.0,,data_raw/2013-January_result.pdf
2013-03-01,SPD,2013-03-07,2013-03-11,ff_longer_run_target,3.75,4.0,4.0,pdf_llm,data_raw/2013-March_result.pdf,data_raw/2013-March_result.pdf,3.0,,data_raw/2013-March_result.pdf
2013-04-01,SPD,2013-04-18,2013-04-22,ff_longer_run_target,3.75,4.0,4.0,pdf_llm,data_raw/2013-April_result.pdf,data_raw/2013-April_result.pdf,2.0,,data_raw/2013-April_result.pdf
2013-06-01,SPD,2013-06-06,2013-06-10,ff_longer_run_target,3.75,4.0,4.0,pdf_llm,data_raw/2013-June_result.pdf,data_raw/2013-June_result.pdf,2.0,,data_raw/2013-June_result.pdf
2013-07-01,SPD,2013-07-17,2013-07-22,ff_longer_run_target,3.5,4.0,4.0,pdf_llm,data_raw/2013-July_result.pdf,data_raw/2013-July_result.pdf,3.0,,data_raw/2013-July_result.pdf
2013-09-01,SPD,2013-09-05,2013-09-09,ff_longer_run_target,3.5,4.0,4.0,pdf_llm,data_raw/2013-September_result.pdf,data_raw/2013-September_result.pdf,3.0,,data_raw/2013-September_result.pdf
2013-10-01,SPD,2013-10-17,2013-10-22,ff_longer_run_target,3.75,4.0,4.0,pdf_llm,data_raw/2013-October_result.pdf,data_raw/2013-October_result.pdf,3.0,,data_raw/2013-October_result.pdf
2013-12-01,SPD,2013-12-05,2013-12-09,ff_longer_run_target,3.75,4.0,4.0,pdf_llm,data_raw/2013-December_result.pdf,data_raw/2013-December_result.pdf,4.0,,data_raw/2013-December_result.pdf
2014-01-01,SMP,2014-01-16,2014-01-21,ff_longer_run_target,3.38,3.88,4.0,pdf_llm,data_raw/2014-mp_January_result.pdf,data_raw/2014-mp_January_result.pdf,3.0,,data_raw/2014-mp_January_result.pdf
2014-01-01,SPD,2014-01-16,2014-01-21,ff_longer_run_target,3.75,4.0,4.0,pdf_llm,data_raw/2014-January_result.pdf,data_raw/2014-January_result.pdf,4.0,,data_raw/2014-January_result.pdf
2014-03-01,SMP,2014-03-06,2014-03-10,ff_longer_run_target,3.5,3.75,4.0,pdf_llm,data_raw/2014-mp_March_result.pdf,data_raw/2014-mp_March_result.pdf,3.0,,data_raw/2014-mp_March_result.pdf
2014-03-01,SPD,2014-03-06,2014-03-10,ff_longer_run_target,3.75,3.75,4.0,pdf_llm,data_raw/2014-March_result.pdf,data_raw/2014-March_result.pdf,4.0,,data_raw/2014-March_result.pdf
2014-04-01,SMP,2014-04-17,2014-04-22,ff_longer_run_target,3.5,3.75,4.0,pdf_llm,data_raw/2014-mp_April_result.pdf,data_raw/2014-mp_April_result.pdf,3.0,,data_raw/2014-mp_April_result.pdf
2014-04-01,SPD,2014-04-17,2014-04-22,ff_longer_run_target,3.5,3.75,4.0,pdf_llm,data_raw/2014-April_result.pdf,data_raw/2014-April_result.pdf,3.0,,data_raw/2014-April_result.pdf
2014-06-01,SMP,2014-06-05,2014-06-09,ff_longer_run_target,3.5,3.75,4.0,pdf_llm,data_raw/2014-mp_June_result.pdf,data_raw/2014-mp_June_result.pdf,3.0,,data_raw/2014-mp_June_result.pdf
2014-06-01,SPD,2014-06-05,2014-06-09,ff_longer_run_target,3.5,3.5,4.0,pdf_llm,data_raw/2014-June_result.pdf,data_raw/2014-June_result.pdf,4.0,,data_raw/2014-June_result.pdf
2014-07-01,SPD,2014-07-16,2014-07-21,ff_longer_run_target,3.5,3.5,4.0,pdf_llm,data_raw/2014-July_result.pdf,data_raw/2014-July_result.pdf,4.0,,data_raw/2014-July_result.pdf
2014-07-01,SMP,2014-07-16,2014-07-21,ff_longer_run_target,3.28,3.63,4.0,pdf_llm,data_raw/2014-mp_July_result.pdf,data_raw/2014-mp_July_result.pdf,3.0,,data_raw/2014-mp_July_result.pdf
2014-09-01,SMP,2014-09-04,2014-09-08,ff_longer_run_target,3.5,3.75,4.0,pdf_llm,data_raw/2014-mp_September_result.pdf,data_raw/2014-mp_September_result.pdf,4.0,,data_raw/2014-mp_September_result.pdf
2014-09-01,SPD,2014-09-04,2014-09-08,ff_longer_run_target,3.5,3.5,4.0,pdf_llm,data_raw/2014-September_result.pdf,data_raw/2014-September_result.pdf,5.0,,data_raw/2014-September_result.pdf
2014-10-01,SMP,2014-10-16,2014-10-20,ff_longer_run_target,3.25,3.5,3.75,pdf_llm,data_raw/2014-mp_October_result.pdf,data_raw/2014-mp_October_result.pdf,4.0,,data_raw/2014-mp_October_result.pdf
2014-10-01,SPD,2014-10-16,2014-10-20,ff_longer_run_target,3.5,3.5,4.0,pdf_llm,data_raw/2014-October_result.pdf,data_raw/2014-October_result.pdf,5.0,,data_raw/2014-October_result.pdf
2014-12-01,SMP,2014-12-04,2014-12-08,ff_longer_run_target,3.0,3.5,3.75,pdf_llm,data_raw/2014-mp_December_result.pdf,data_raw/2014-mp_December_result.pdf,4.0,,data_raw/2014-mp_December_result.pdf
2014-12-01,SPD,2014-12-04,2014-12-08,ff_longer_run_target,3.5,3.5,4.0,pdf_llm,data_raw/2014-December_result.pdf,data_raw/2014-December_result.pdf,5.0,,data_raw/2014-December_result.pdf
2015-01-01,SMP,2015-01-15,2015-01-20,ff_longer_run_target,3.0,3.5,3.75,pdf_llm,data_raw/mp-January-result.pdf,data_raw/mp-January-result.pdf,4.0,,data_raw/mp-January-result.pdf
2015-01-01,SPD,2015-01-15,2015-01-20,ff_longer_run_target,3.5,3.5,4.0,pdf_llm,data_raw/January-result.pdf,data_raw/January-result.pdf,5.0,,data_raw/January-result.pdf
2015-03-01,SMP,2015-03-05,2015-03-09,ff_longer_run_target,3.25,3.5,3.75,pdf_llm,data_raw/mp-March-result.pdf,data_raw/mp-March-result.pdf,5.0,,data_raw/mp-March-result.pdf
2015-03-01,SPD,2015-03-05,2015-03-09,ff_longer_run_target,3.25,3.5,3.75,pdf_llm,data_raw/March-result.pdf,data_raw/March-result.pdf,5.0,,data_raw/March-result.pdf
2015-04-01,SMP,2015-04-16,2015-04-20,ff_longer_run_target,3.0,3.5,3.75,pdf_llm,data_raw/mp-April-result.pdf,data_raw/mp-April-result.pdf,5.0,,data_raw/mp-April-result.pdf
2015-04-01,SPD,2015-04-16,2015-04-20,ff_longer_run_target,3.25,3.5,3.75,pdf_llm,data_raw/April-result.pdf,data_raw/April-result.pdf,5.0,,data_raw/April-result.pdf
2015-06-01,SPD,2015-06-04,2015-06-08,ff_longer_run_target,3.25,3.5,3.75,pdf_llm,data_raw/June-result.pdf,data_raw/June-result.pdf,5.0,,data_raw/June-result.pdf
2015-06-01,SMP,2015-06-04,2015-06-08,ff_longer_run_target,3.0,3.5,3.75,pdf_llm,data_raw/mp-June-result.pdf,data_raw/mp-June-result.pdf,5.0,,data_raw/mp-June-result.pdf
2015-07-01,SMP,2015-07-15,2015-07-20,ff_longer_run_target,3.0,3.5,3.75,pdf_llm,data_raw/mp-July-result.pdf,data_raw/mp-July-result.pdf,4.0,,data_raw/mp-July-result.pdf
2015-07-01,SPD,2015-07-15,2015-07-20,ff_longer_run_target,3.25,3.38,3.75,pdf_llm,data_raw/July-result.pdf,data_raw/July-result.pdf,4.0,,data_raw/July-result.pdf
2015-09-01,SMP,2015-09-03,2015-09-08,ff_longer_run_target,3.0,3.5,3.5,pdf_llm,data_raw/mp-sep-result.pdf,data_raw/mp-sep-result.pdf,6.0,,data_raw/mp-sep-result.pdf
2015-09-01,SPD,2015-09-03,2015-09-08,ff_longer_run_target,3.0,3.38,3.75,pdf_llm,data_raw/Sep-results.pdf,data_raw/Sep-results.pdf,6.0,,data_raw/Sep-results.pdf
2015-12-01,SMP,2015-12-03,2015-12-07,ff_longer_run_target,2.75,3.0,3.5,pdf_llm,data_raw/mp-Dec-2015-results.pdf,data_raw/mp-Dec-2015-results.pdf,6.0,,data_raw/mp-Dec-2015-results.pdf
2015-12-01,SPD,2015-12-03,2015-12-07,ff_longer_run_target,3.0,3.25,3.5,pdf_llm,data_raw/Dec-2015-results.pdf,data_raw/Dec-2015-results.pdf,6.0,,data_raw/Dec-2015-results.pdf
2016-01-01,SMP,2016-01-14,2016-01-19,ff_longer_run_target,2.75,3.25,3.5,pdf_llm,data_raw/jan-results-mp.pdf,data_raw/jan-results-mp.pdf,4.0,,data_raw/jan-results-mp.pdf
2016-01-01,SPD,2016-01-14,2016-01-19,ff_longer_run_target,2.9,3.25,3.5,pdf_llm,data_raw/jan-2016-results.pdf,data_raw/jan-2016-results.pdf,4.0,,data_raw/jan-2016-results.pdf
2016-03-01,SMP,2016-03-03,2016-03-07,ff_longer_run_target,2.5,3.25,3.4,pdf_llm,data_raw/mar-results-mp.pdf,data_raw/mar-results-mp.pdf,4.0,,data_raw/mar-results-mp.pdf
2016-03-01,SPD,2016-03-03,2016-03-07,ff_longer_run_target,3.0,3.25,3.38,pdf_llm,data_raw/mar-2016-results.pdf,data_raw/mar-2016-results.pdf,4.0,,data_raw/mar-2016-results.pdf
2016-04-01,SMP,2016-04-14,2016-04-18,ff_longer_run_target,2.5,2.75,3.25,pdf_llm,data_raw/apr-results-mp.pdf,data_raw/apr-results-mp.pdf,4.0,,data_raw/apr-results-mp.pdf
2016-04-01,SPD,2016-04-14,2016-04-18,ff_longer_run_target,2.9,3.25,3.25,pdf_llm,data_raw/apr-2016-results.pdf,data_raw/apr-2016-results.pdf,3.0,,data_raw/apr-2016-results.pdf
2016-06-01,SPD,2016-06-02,2016-06-06,ff_longer_run_target,3.25,3.25,3.25,pdf_llm,data_raw/jun-2016-results.pdf,data_raw/jun-2016-results.pdf,4.0,,data_raw/jun-2016-results.pdf
2016-06-01,SMP,2016-06-02,2016-06-06,ff_longer_run_target,2.5,2.75,3.25,pdf_llm,data_raw/jun-results-mp.pdf,data_raw/jun-results-mp.pdf,4.0,,data_raw/jun-results-mp.pdf
2016-07-01,SPD,2016-07-14,2016-07-18,ff_longer_run_target,2.63,3.0,3.25,pdf_llm,data_raw/jul-2016-results.pdf,data_raw/jul-2016-results.pdf,4.0,,data_raw/jul-2016-results.pdf
2016-07-01,SMP,2016-07-14,2016-07-18,ff_longer_run_target,2.5,2.75,3.0,pdf_llm,data_raw/jul-results-mp.pdf,data_raw/jul-results-mp.pdf,4.0,,data_raw/jul-results-mp.pdf
2016-09-01,SMP,2016-09-08,2016-09-12,ff_longer_run_target,2.5,2.63,3.0,pdf_llm,data_raw/sep-results-mp.pdf,data_raw/sep-results-mp.pdf,4.0,,data_raw/sep-results-mp.pdf
2016-09-01,SPD,2016-09-08,2016-09-12,ff_longer_run_target,2.5,3.0,3.0,pdf_llm,data_raw/sep-2016-results.pdf,data_raw/sep-2016-results.pdf,4.0,,data_raw/sep-2016-results.pdf
2016-11-01,SMP,2016-10-20,2016-10-24,ff_longer_run_target,2.5,2.5,3.0,pdf_llm,data_raw/Nov-2016-SMP-Results.pdf,data_raw/Nov-2016-SMP-Results.pdf,3.0,,data_raw/Nov-2016-SMP-Results.pdf
2016-11-01,SPD,2016-10-20,2016-10-24,ff_longer_run_target,2.5,2.75,3.0,pdf_llm,data_raw/Nov-2016-SPD-Results.pdf,data_raw/Nov-2016-SPD-Results.pdf,4.0,,data_raw/Nov-2016-SPD-Results.pdf
2016-12-01,SMP,2016-12-01,2016-12-05,ff_longer_run_target,2.5,2.75,3.0,pdf_llm,data_raw/Dec-2016-Flash-SMP-Results-Public-Release.pdf,data_raw/Dec-2016-Flash-SMP-Results-Public-Release.pdf,4.0,,data_raw/Dec-2016-Flash-SMP-Results-Public-Release.pdf
2016-12-01,SPD,2016-12-01,2016-12-05,ff_longer_run_target,2.5,2.75,3.0,pdf_llm,data_raw/Dec-2016-SPD-Results-Public-Release.pdf,data_raw/Dec-2016-SPD-Results-Public-Release.pdf,4.0,,data_raw/Dec-2016-SPD-Results-Public-Release.pdf
2017-01-01,SMP,2017-01-19,2017-01-23,ff_longer_run_target,2.5,2.81,3.0,pdf_llm,data_raw/Jan-2017-SMP-Results-Public-Release.pdf,data_raw/Jan-2017-SMP-Results-Public-Release.pdf,5.0,,data_raw/Jan-2017-SMP-Results-Public-Release.pdf
2017-01-01,SPD,2017-01-19,2017-01-23,ff_longer_run_target,2.5,3.0,3.0,pdf_llm,data_raw/Jan-2017-SPD-Results-Public-Release.pdf,data_raw/Jan-2017-SPD-Results-Public-Release.pdf,5.0,,data_raw/Jan-2017-SPD-Results-Public-Release.pdf
2017-03-01,SMP,2017-03-02,2017-03-06,ff_longer_run_target,2.5,2.75,3.25,pdf_llm,data_raw/Mar-2017-SMP-Results-Public-Release.pdf,data_raw/Mar-2017-SMP-Results-Public-Release.pdf,5.0,,data_raw/Mar-2017-SMP-Results-Public-Release.pdf
2017-03-01,SPD,2017-03-02,2017-03-06,ff_longer_run_target,3.0,3.0,3.0,pdf_llm,data_raw/Mar-2017-SPD-Results-Public-Release.pdf,data_raw/Mar-2017-SPD-Results-Public-Release.pdf,4.0,,data_raw/Mar-2017-SPD-Results-Public-Release.pdf
2017-05-01,SMP,2017-04-20,2017-04-24,ff_longer_run_target,2.5,2.75,3.13,pdf_llm,data_raw/may-2017-SMP-Results-Public-Release.pdf,data_raw/may-2017-SMP-Results-Public-Release.pdf,5.0,,data_raw/may-2017-SMP-Results-Public-Release.pdf
2017-06-01,SMP,2017-06-01,2017-06-05,ff_longer_run_target,2.56,2.75,3.06,pdf_llm,data_raw/jun-2017-smp-results.pdf,data_raw/jun-2017-smp-results.pdf,5.0,,data_raw/jun-2017-smp-results.pdf
2017-06-01,SPD,2017-06-01,2017-06-05,ff_longer_run_target,2.5,2.88,3.0,pdf_llm,data_raw/jun-2017-spd-results.pdf,data_raw/jun-2017-spd-results.pdf,5.0,,data_raw/jun-2017-spd-results.pdf
2017-07-01,SPD,2017-07-13,2017-07-17,ff_longer_run_target,2.5,2.75,3.0,pdf_llm,data_raw/jul-2017-spd-results.pdf,data_raw/jul-2017-spd-results.pdf,5.0,,data_raw/jul-2017-spd-results.pdf
2017-07-01,SMP,2017-07-13,2017-07-17,ff_longer_run_target,2.5,2.75,3.0,pdf_llm,data_raw/jul-2017-smp-results.pdf,data_raw/jul-2017-smp-results.pdf,5.0,,data_raw/jul-2017-smp-results.pdf
2017-09-01,SMP,2017-09-07,2017-09-11,ff_longer_run_target,2.5,2.75,3.0,pdf_llm,data_raw/sep-2017-smp-results.pdf,data_raw/sep-2017-smp-results.pdf,5.0,,data_raw/sep-2017-smp-results.pdf
2017-09-01,SPD,2017-09-07,2017-09-11,ff_longer_run_target,2.5,2.75,3.0,pdf_llm,data_raw/sep-2017-spd-results.pdf,data_raw/sep-2017-spd-results.pdf,5.0,,data_raw/sep-2017-spd-results.pdf
2017-10-01,SMP,2017-10-19,2017-10-23,ff_longer_run_target,2.5,2.75,3.0,pdf_llm,data_raw/oct-nov-2017-smp-results.pdf,data_raw/oct-nov-2017-smp-results.pdf,4.0,,data_raw/oct-nov-2017-smp-results.pdf
2017-10-01,SPD,2017-10-19,2017-10-23,ff_longer_run_target,2.5,2.75,3.0,pdf_llm,data_raw/oct-nov-2017-spd-results.pdf,data_raw/oct-nov-2017-spd-results.pdf,4.0,,data_raw/oct-nov-2017-spd-results.pdf
2017-12-01,SMP,2017-11-30,2017-12-04,ff_longer_run_target,2.5,2.75,3.0,pdf_llm,data_raw/dec-2017-smp-results.pdf,data_raw/dec-2017-smp-results.pdf,5.0,,data_raw/dec-2017-smp-results.pdf
2017-12-01,SPD,2017-11-30,2017-12-04,ff_longer_run_target,2.5,2.75,3.0,pdf_llm,data_raw/dec-2017-spd-results.pdf,data_raw/dec-2017-spd-results.pdf,5.0,,data_raw/dec-2017-spd-results.pdf
2018-01-01,SMP,2018-01-18,2018-01-22,ff_longer_run_target,2.5,2.75,3.0,pdf_llm,data_raw/jan-2018-smp-results.pdf,data_raw/jan-2018-smp-results.pdf,4.0,,data_raw/jan-2018-smp-results.pdf
2018-01-01,SPD,2018-01-18,2018-01-22,ff_longer_run_target,2.5,2.75,3.0,pdf_llm,data_raw/jan-2018-spd-results.pdf,data_raw/jan-2018-spd-results.pdf,4.0,,data_raw/jan-2018-spd-results.pdf
2018-03-01,SMP,2018-03-08,2018-03-12,ff_longer_run_target,2.75,2.75,3.0,pdf_llm,data_raw/mar-2018-smp-results.pdf,data_raw/mar-2018-smp-results.pdf,5.0,,data_raw/mar-2018-smp-results.pdf
2018-03-01,SPD,2018-03-08,2018-03-12,ff_longer_run_target,2.5,2.75,3.0,pdf_llm,data_raw/mar-2018-spd-results.pdf,data_raw/mar-2018-spd-results.pdf,5.0,,data_raw/mar-2018-spd-results.pdf
2018-05-01,SMP,2018-04-19,2018-04-23,ff_longer_run_target,2.75,2.75,3.06,pdf_llm,data_raw/may-2018-smp-results.pdf,data_raw/may-2018-smp-results.pdf,4.0,,data_raw/may-2018-smp-results.pdf
2018-05-01,SPD,2018-04-19,2018-04-23,ff_longer_run_target,2.5,2.75,3.0,pdf_llm,data_raw/may-2018-spd-results.pdf,data_raw/may-2018-spd-results.pdf,4.0,,data_raw/may-2018-spd-results.pdf
2018-06-01,SPD,2018-05-31,2018-06-04,ff_longer_run_target,2.5,2.75,3.0,pdf_llm,data_raw/jun-2018-spd-results.pdf,data_raw/jun-2018-spd-results.pdf,5.0,,data_raw/jun-2018-spd-results.pdf
2018-06-01,SMP,2018-05-31,2018-06-04,ff_longer_run_target,2.75,2.88,3.13,pdf_llm,data_raw/jun-2018-smp-results.pdf,data_raw/jun-2018-smp-results.pdf,5.0,,data_raw/jun-2018-smp-results.pdf
2018-07-01,SMP,2018-07-19,2018-07-23,ff_longer_run_target,2.63,2.88,3.0,pdf_llm,data_raw/jul-aug-2018-smp-results.pdf,data_raw/jul-aug-2018-smp-results.pdf,4.0,,data_raw/jul-aug-2018-smp-results.pdf
2018-07-01,SPD,2018-07-19,2018-07-23,ff_longer_run_target,2.5,2.75,3.0,pdf_llm,data_raw/jul-aug-2018-spd-results.pdf,data_raw/jul-aug-2018-spd-results.pdf,4.0,,data_raw/jul-aug-2018-spd-results.pdf
2018-09-01,SMP,2018-09-13,2018-09-17,ff_longer_run_target,2.75,2.875,3.0,pdf_llm,data_raw/sep-2018-smp-results.pdf,data_raw/sep-2018-smp-results.pdf,5.0,,data_raw/sep-2018-smp-results.pdf
2018-09-01,SPD,2018-09-13,2018-09-17,ff_longer_run_target,2.5,2.75,3.0,pdf_llm,data_raw/sep-2018-spd-results.pdf,data_raw/sep-2018-spd-results.pdf,5.0,,data_raw/sep-2018-spd-results.pdf
2018-11-01,SMP,2018-10-25,2018-10-29,ff_longer_run_target,2.75,3.0,3.13,pdf_llm,data_raw/nov-2018-smp-results.pdf,data_raw/nov-2018-smp-results.pdf,4.0,,data_raw/nov-2018-smp-results.pdf
2018-11-01,SPD,2018-10-25,2018-10-29,ff_longer_run_target,2.5,2.88,3.0,pdf_llm,data_raw/nov-2018-spd-results.pdf,data_raw/nov-2018-spd-results.pdf,4.0,,data_raw/nov-2018-spd-results.pdf
2018-12-01,SMP,2018-12-06,2018-12-10,ff_longer_run_target,2.63,3.0,3.0,pdf_llm,data_raw/dec-2018-smp-results.pdf,data_raw/dec-2018-smp-results.pdf,5.0,,data_raw/dec-2018-smp-results.pdf
2018-12-01,SPD,2018-12-06,2018-12-10,ff_longer_run_target,2.5,2.88,3.0,pdf_llm,data_raw/dec-2018-spd-results.pdf,data_raw/dec-2018-spd-results.pdf,5.0,,data_raw/dec-2018-spd-results.pdf
2019-01-01,SMP,2019-01-17,2019-01-22,ff_longer_run_target,2.5,2.75,3.0,pdf_llm,data_raw/jan-2019-smp-results.pdf,data_raw/jan-2019-smp-results.pdf,5.0,,data_raw/jan-2019-smp-results.pdf
2019-01-01,SPD,2019-01-17,2019-01-22,ff_longer_run_target,2.5,2.75,3.0,pdf_llm,data_raw/jan-2019-spd-results.pdf,data_raw/jan-2019-spd-results.pdf,5.0,,data_raw/jan-2019-spd-results.pdf
2019-03-01,SMP,2019-03-06,2019-03-11,ff_longer_run_target,2.5,2.75,3.0,pdf_llm,data_raw/mar-2019-smp-results.pdf,data_raw/mar-2019-smp-results.pdf,5.0,,data_raw/mar-2019-smp-results.pdf
2019-03-01,SPD,2019-03-06,2019-03-11,ff_longer_run_target,2.5,2.75,2.88,pdf_llm,data_raw/mar-2019-spd-results.pdf,data_raw/mar-2019-spd-results.pdf,5.0,,data_raw/mar-2019-spd-results.pdf
2019-05-01,SPD,2019-04-17,2019-04-22,ff_longer_run_target,2.5,2.75,2.88,pdf_llm,data_raw/apr-may-2019-spd-results.pdf,data_raw/apr-may-2019-spd-results.pdf,4.0,,data_raw/apr-may-2019-spd-results.pdf
2019-05-01,SMP,2019-04-17,2019-04-22,ff_longer_run_target,2.5,2.69,2.75,pdf_llm,data_raw/apr-may-2019-smp-results.pdf,data_raw/apr-may-2019-smp-results.pdf,4.0,,data_raw/apr-may-2019-smp-results.pdf
2019-06-01,SMP,2019-06-05,2019-06-10,ff_longer_run_target,2.38,2.5,2.75,pdf_llm,data_raw/jun-2019-smp-results.pdf,data_raw/jun-2019-smp-results.pdf,5.0,,data_raw/jun-2019-smp-results.pdf
2019-06-01,SPD,2019-06-05,2019-06-10,ff_longer_run_target,2.5,2.69,2.81,pdf_llm,data_raw/jun-2019-spd-results.pdf,data_raw/jun-2019-spd-results.pdf,5.0,,data_raw/jun-2019-spd-results.pdf
2019-07-01,SMP,2019-07-17,2019-07-22,ff_longer_run_target,2.25,2.5,2.56,pdf_llm,data_raw/jul-2019-smp-results.pdf,data_raw/jul-2019-smp-results.pdf,5.0,,data_raw/jul-2019-smp-results.pdf
2019-07-01,SPD,2019-07-17,2019-07-22,ff_longer_run_target,2.31,2.5,2.75,pdf_llm,data_raw/jul-2019-spd-results.pdf,data_raw/jul-2019-spd-results.pdf,5.0,,data_raw/jul-2019-spd-results.pdf
2019-09-01,SMP,2019-09-04,2019-09-09,ff_longer_run_target,2.25,2.48,2.5,pdf_llm,data_raw/sep-2019-smp-results.pdf,data_raw/sep-2019-smp-results.pdf,5.0,,data_raw/sep-2019-smp-results.pdf
2019-09-01,SPD,2019-09-04,2019-09-09,ff_longer_run_target,2.25,2.5,2.56,pdf_llm,data_raw/sep-2019-spd-results.pdf,data_raw/sep-2019-spd-results.pdf,5.0,,data_raw/sep-2019-spd-results.pdf
2019-10-01,SMP,2019-10-16,2019-10-21,ff_longer_run_target,2.19,2.38,2.5,pdf_llm,data_raw/oct-2019-smp-results.pdf,data_raw/oct-2019-smp-results.pdf,5.0,,data_raw/oct-2019-smp-results.pdf
2019-10-01,SPD,2019-10-16,2019-10-21,ff_longer_run_target,2.25,2.5,2.56,pdf_llm,data_raw/oct-2019-spd-results.pdf,data_raw/oct-2019-spd-results.pdf,5.0,,data_raw/oct-2019-spd-results.pdf
2019-12-01,SMP,2019-11-26,2019-12-02,ff_longer_run_target,2.13,2.31,2.5,pdf_llm,data_raw/dec-2019-smp-results.pdf,data_raw/dec-2019-smp-results.pdf,5.0,,data_raw/dec-2019-smp-results.pdf
2019-12-01,SPD,2019-11-26,2019-12-02,ff_longer_run_target,2.25,2.5,2.56,pdf_llm,data_raw/dec-2019-spd-results.pdf,data_raw/dec-2019-spd-results.pdf,6.0,,data_raw/dec-2019-spd-results.pdf
2020-01-01,SMP,2020-01-15,2020-01-21,ff_longer_run_target,2.13,2.25,2.5,pdf_llm,data_raw/jan-2020-smp-results.pdf,data_raw/jan-2020-smp-results.pdf,4.0,,data_raw/jan-2020-smp-results.pdf
2020-01-01,SPD,2020-01-15,2020-01-21,ff_longer_run_target,2.25,2.4,2.56,pdf_llm,data_raw/jan-2020-spd-results.pdf,data_raw/jan-2020-spd-results.pdf,5.0,,data_raw/jan-2020-spd-results.pdf
2020-03-01,SMP,2020-03-04,2020-03-09,ff_longer_run_target,2.0,2.25,2.5,pdf_llm,data_raw/mar-2020-smp-results.pdf,data_raw/mar-2020-smp-results.pdf,5.0,,data_raw/mar-2020-smp-results.pdf
2020-03-01,SPD,2020-03-04,2020-03-09,ff_longer_run_target,2.06,2.25,2.56,pdf_llm,data_raw/mar-2020-spd-results.pdf,data_raw/mar-2020-spd-results.pdf,5.0,,data_raw/mar-2020-spd-results.pdf
2020-04-01,SPD,2020-04-15,2020-04-20,ff_longer_run_target,2.0,2.19,2.5,pdf_llm,data_raw/apr-2020-spd-results.pdf,data_raw/apr-2020-spd-results.pdf,5.0,,data_raw/apr-2020-spd-results.pdf
2020-04-01,SMP,2020-04-15,2020-04-20,ff_longer_run_target,1.31,2.0,2.5,pdf_llm,data_raw/apr-2020-smp-results.pdf,data_raw/apr-2020-smp-results.pdf,5.0,,data_raw/apr-2020-smp-results.pdf
2020-06-01,SMP,2020-05-27,2020-06-01,ff_longer_run_target,1.75,2.0,2.5,pdf_llm,data_raw/jun-2020-smp-results.pdf,data_raw/jun-2020-smp-results.pdf,5.0,,data_raw/jun-2020-smp-results.pdf
2020-06-01,SPD,2020-05-27,2020-06-01,ff_longer_run_target,2.0,2.25,2.5,pdf_llm,data_raw/jun-2020-spd-results.pdf,data_raw/jun-2020-spd-results.pdf,5.0,,data_raw/jun-2020-spd-results.pdf
2020-07-01,SMP,2020-07-15,2020-07-20,ff_longer_run_target,1.5,2.0,2.38,pdf_llm,data_raw/jul-2020-smp-results.pdf,data_raw/jul-2020-smp-results.pdf,5.0,,data_raw/jul-2020-smp-results.pdf
2020-07-01,SPD,2020-07-15,2020-07-20,ff_longer_run_target,2.0,2.25,2.5,pdf_llm,data_raw/jul-2020-spd-results.pdf,data_raw/jul-2020-spd-results.pdf,5.0,,data_raw/jul-2020-spd-results.pdf
2020-09-01,SMP,2020-09-02,2020-09-08,ff_longer_run_target,1.5,2.0,2.38,pdf_llm,data_raw/sep-2020-smp-results.pdf,data_raw/sep-2020-smp-results.pdf,5.0,,data_raw/sep-2020-smp-results.pdf
2020-09-01,SPD,2020-09-02,2020-09-08,ff_longer_run_target,2.0,2.25,2.5,pdf_llm,data_raw/sep-2020-spd-results.pdf,data_raw/sep-2020-spd-results.pdf,6.0,,data_raw/sep-2020-spd-results.pdf
2020-11-01,SMP,2020-10-21,2020-10-26,ff_longer_run_target,1.63,2.0,2.25,pdf_llm,data_raw/nov-2020-smp-results.pdf,data_raw/nov-2020-smp-results.pdf,5.0,,data_raw/nov-2020-smp-results.pdf
2020-11-01,SPD,2020-10-21,2020-10-26,ff_longer_run_target,2.0,2.25,2.5,pdf_llm,data_raw/nov-2020-spd-results.pdf,data_raw/nov-2020-spd-results.pdf,5.0,,data_raw/nov-2020-spd-results.pdf
2020-12-01,SMP,2020-12-02,2020-12-07,ff_longer_run_target,1.63,2.0,2.25,pdf_llm,data_raw/dec-2020-smp-results.pdf,data_raw/dec-2020-smp-results.pdf,5.0,,data_raw/dec-2020-smp-results.pdf
2020-12-01,SPD,2020-12-02,2020-12-07,ff_longer_run_target,2.0,2.25,2.5,pdf_llm,data_raw/dec-2020-spd-results.pdf,data_raw/dec-2020-spd-results.pdf,5.0,,data_raw/dec-2020-spd-results.pdf
2021-01-01,SMP,2021-01-13,2021-01-19,ff_longer_run_target,1.63,2.0,2.25,pdf_llm,data_raw/jan-2021-smp-results.pdf,data_raw/jan-2021-smp-results.pdf,5.0,,data_raw/jan-2021-smp-results.pdf
2021-01-01,SPD,2021-01-13,2021-01-19,ff_longer_run_target,2.0,2.25,2.5,pdf_llm,data_raw/jan-2021-spd-results.pdf,data_raw/jan-2021-spd-results.pdf,5.0,,data_raw/jan-2021-spd-results.pdf
2021-03-01,SPD,2021-03-03,2021-03-08,ff_longer_run_target,2.13,2.25,2.5,pdf_llm,data_raw/mar-2021-spd-results.pdf,data_raw/mar-2021-spd-results.pdf,5.0,,data_raw/mar-2021-spd-results.pdf
2021-03-01,SMP,2021-03-03,2021-03-08,ff_longer_run_target,1.75,2.0,2.5,pdf_llm,data_raw/mar-2021-smp-results.pdf,data_raw/mar-2021-smp-results.pdf,5.0,,data_raw/mar-2021-smp-results.pdf
2021-04-01,SMP,2021-04-14,2021-04-19,ff_longer_run_target,1.75,2.0,2.5,pdf_llm,data_raw/apr-2021-smp-results.pdf,data_raw/apr-2021-smp-results.pdf,5.0,,data_raw/apr-2021-smp-results.pdf
2021-04-01,SPD,2021-04-14,2021-04-19,ff_longer_run_target,2.13,2.31,2.5,pdf_llm,data_raw/apr-2021-spd-results.pdf,data_raw/apr-2021-spd-results.pdf,5.0,,data_raw/apr-2021-spd-results.pdf
2021-06-01,SMP,2021-06-02,2021-06-07,ff_longer_run_target,1.75,2.0,2.5,pdf_llm,data_raw/jun-2021-smp-results.pdf,data_raw/jun-2021-smp-results.pdf,5.0,,data_raw/jun-2021-smp-results.pdf
2021-06-01,SPD,2021-06-02,2021-06-07,ff_longer_run_target,2.06,2.31,2.5,pdf_llm,data_raw/jun-2021-spd-results.pdf,data_raw/jun-2021-spd-results.pdf,5.0,,data_raw/jun-2021-spd-results.pdf
2021-07-01,SMP,2021-07-14,2021-07-19,ff_longer_run_target,1.75,2.0,2.5,pdf_llm,data_raw/jul-2021-smp-results.pdf,data_raw/jul-2021-smp-results.pdf,5.0,,data_raw/jul-2021-smp-results.pdf
2021-07-01,SPD,2021-07-14,2021-07-19,ff_longer_run_target,2.06,2.25,2.5,pdf_llm,data_raw/jul-2021-spd-results.pdf,data_raw/jul-2021-spd-results.pdf,5.0,,data_raw/jul-2021-spd-results.pdf
2021-09-01,SMP,2021-09-08,2021-09-13,ff_longer_run_target,1.75,2.0,2.38,pdf_llm,data_raw/sep-2021-smp-results.pdf,data_raw/sep-2021-smp-results.pdf,5.0,,data_raw/sep-2021-smp-results.pdf
2021-09-01,SPD,2021-09-08,2021-09-13,ff_longer_run_target,2.0,2.25,2.5,pdf_llm,data_raw/sep-2021-spd-results.pdf,data_raw/sep-2021-spd-results.pdf,5.0,,data_raw/sep-2021-spd-results.pdf
2021-11-01,SMP,2021-10-20,2021-10-25,ff_longer_run_target,1.75,2.0,2.5,pdf_llm,data_raw/nov-2021-smp-results.pdf,data_raw/nov-2021-smp-results.pdf,5.0,,data_raw/nov-2021-smp-results.pdf
2021-11-01,SPD,2021-10-20,2021-10-25,ff_longer_run_target,2.0,2.25,2.44,pdf_llm,data_raw/nov-2021-spd-results.pdf,data_raw/nov-2021-spd-results.pdf,5.0,,data_raw/nov-2021-spd-results.pdf
2021-12-01,SMP,2021-12-01,2021-12-06,ff_longer_run_target,2.0,2.0,2.44,pdf_llm,data_raw/dec-2021-smp-results.pdf,data_raw/dec-2021-smp-results.pdf,5.0,,data_raw/dec-2021-smp-results.pdf
2021-12-01,SPD,2021-12-01,2021-12-06,ff_longer_run_target,2.0,2.25,2.44,pdf_llm,data_raw/dec-2021-spd-results.pdf,data_raw/dec-2021-spd-results.pdf,5.0,,data_raw/dec-2021-spd-results.pdf
2022-01-01,SPD,2022-01-12,2022-01-18,ff_longer_run_target,2.0,2.25,2.44,pdf_llm,data_raw/jan-2022-spd-results.pdf,data_raw/jan-2022-spd-results.pdf,5.0,,data_raw/jan-2022-spd-results.pdf
2022-01-01,SMP,2022-01-12,2022-01-18,ff_longer_run_target,2.0,2.0,2.5,pdf_llm,data_raw/jan-2022-smp-results.pdf,data_raw/jan-2022-smp-results.pdf,5.0,,data_raw/jan-2022-smp-results.pdf
2022-03-01,SMP,2022-03-02,2022-03-07,ff_longer_run_target,2.0,2.19,2.5,pdf_llm,data_raw/mar-2022-smp-results.pdf,data_raw/mar-2022-smp-results.pdf,5.0,,data_raw/mar-2022-smp-results.pdf
2022-03-01,SPD,2022-03-02,2022-03-07,ff_longer_run_target,2.13,2.25,2.5,pdf_llm,data_raw/mar-2022-spd-results.pdf,data_raw/mar-2022-spd-results.pdf,5.0,,data_raw/mar-2022-spd-results.pdf
2022-05-01,SMP,2022-04-20,2022-04-25,ff_longer_run_target,2.0,2.44,2.5,pdf_llm,data_raw/may-2022-smp-results.pdf,data_raw/may-2022-smp-results.pdf,4.0,,data_raw/may-2022-smp-results.pdf
2022-05-01,SPD,2022-04-20,2022-04-25,ff_longer_run_target,2.13,2.38,2.5,pdf_llm,data_raw/may-2022-spd-results.pdf,data_raw/may-2022-spd-results.pdf,4.0,,data_raw/may-2022-spd-results.pdf
2022-06-01,SMP,2022-06-01,2022-06-06,ff_longer_run_target,2.0,2.31,2.5,pdf_llm,data_raw/jun-2022-smp-results.pdf,data_raw/jun-2022-smp-results.pdf,5.0,,data_raw/jun-2022-smp-results.pdf
2022-06-01,SPD,2022-06-01,2022-06-06,ff_longer_run_target,2.25,2.38,2.5,pdf_llm,data_raw/jun-2022-spd-results.pdf,data_raw/jun-2022-spd-results.pdf,4.0,,data_raw/jun-2022-spd-results.pdf
2022-07-01,SMP,2022-07-13,2022-07-18,ff_longer_run_target,2.0,2.38,2.5,pdf_llm,data_raw/jul-2022-smp-results.pdf,data_raw/jul-2022-smp-results.pdf,4.0,,data_raw/jul-2022-smp-results.pdf
2022-07-01,SPD,2022-07-13,2022-07-18,ff_longer_run_target,2.13,2.38,2.5,pdf_llm,data_raw/jul-2022-spd-results.pdf,data_raw/jul-2022-spd-results.pdf,5.0,,data_raw/jul-2022-spd-results.pdf
2022-09-01,SMP,2022-09-07,2022-09-12,ff_longer_run_target,2.13,2.38,2.5,pdf_llm,data_raw/sep-2022-smp-results.pdf,data_raw/sep-2022-smp-results.pdf,4.0,,data_raw/sep-2022-smp-results.pdf
2022-09-01,SPD,2022-09-07,2022-09-12,ff_longer_run_target,2.25,2.38,2.5,pdf_llm,data_raw/sep-2022-spd-results.pdf,data_raw/sep-2022-spd-results.pdf,4.0,,data_raw/sep-2022-spd-results.pdf
2022-11-01,SMP,2022-10-19,2022-10-24,ff_longer_run_target,2.13,2.38,2.5,pdf_llm,data_raw/nov-2022-smp-results.pdf,data_raw/nov-2022-smp-results.pdf,5.0,,data_raw/nov-2022-smp-results.pdf
2022-11-01,SPD,2022-10-19,2022-10-24,ff_longer_run_target,2.25,2.4,2.5,pdf_llm,data_raw/nov-2022-spd-results.pdf,data_raw/nov-2022-spd-results.pdf,5.0,,data_raw/nov-2022-spd-results.pdf
2022-12-01,SPD,2022-11-30,2022-12-05,ff_longer_run_target,2.25,2.5,2.5,pdf_llm,data_raw/dec-2022-spd-results.pdf,data_raw/dec-2022-spd-results.pdf,4.0,,data_raw/dec-2022-spd-results.pdf
2022-12-01,SMP,2022-11-30,2022-12-05,ff_longer_run_target,2.13,2.38,2.56,pdf_llm,data_raw/dec-2022-smp-results.pdf,data_raw/dec-2022-smp-results.pdf,4.0,,data_raw/dec-2022-smp-results.pdf
2023-01-01,SMP,2023-01-18,2023-01-23,ff_longer_run_target,2.13,2.38,2.56,pdf_llm,data_raw/jan-feb-2023-smp-results.pdf,data_raw/jan-feb-2023-smp-results.pdf,5.0,,data_raw/jan-feb-2023-smp-results.pdf
2023-01-01,SPD,2023-01-18,2023-01-23,ff_longer_run_target,2.25,2.5,2.5,pdf_llm,data_raw/jan-feb-2023-spd-results.pdf,data_raw/jan-feb-2023-spd-results.pdf,5.0,,data_raw/jan-feb-2023-spd-results.pdf
2023-03-01,SMP,2023-03-08,2023-03-14,ff_longer_run_target,2.25,2.5,2.63,pdf_llm,data_raw/mar-2023-smp-results.pdf,data_raw/mar-2023-smp-results.pdf,4.0,,data_raw/mar-2023-smp-results.pdf
2023-03-01,SPD,2023-03-08,2023-03-14,ff_longer_run_target,2.38,2.5,2.63,pdf_llm,data_raw/mar-2023-spd-results.pdf,data_raw/mar-2023-spd-results.pdf,4.0,,data_raw/mar-2023-spd-results.pdf
2023-05-01,SMP,2023-04-19,2023-04-24,ff_longer_run_target,2.38,2.5,2.75,pdf_llm,data_raw/may-2023-smp-results.pdf,data_raw/may-2023-smp-results.pdf,5.0,,data_raw/may-2023-smp-results.pdf
2023-05-01,SPD,2023-04-19,2023-04-24,ff_longer_run_target,2.4,2.5,2.63,pdf_llm,data_raw/may-2023-spd-results.pdf,data_raw/may-2023-spd-results.pdf,5.0,,data_raw/may-2023-spd-results.pdf
2023-06-01,SMP,2023-05-31,2023-06-05,ff_longer_run_target,2.25,2.5,2.69,pdf_llm,data_raw/jun-2023-smp-results.pdf,data_raw/jun-2023-smp-results.pdf,4.0,,data_raw/jun-2023-smp-results.pdf
2023-06-01,SPD,2023-05-31,2023-06-05,ff_longer_run_target,2.5,2.5,2.63,pdf_llm,data_raw/jun-2023-spd-results.pdf,data_raw/jun-2023-spd-results.pdf,5.0,,data_raw/jun-2023-spd-results.pdf
2023-07-01,Combined,2023-07-12,2023-07-17,ff_longer_run_target,2.38,2.5,2.75,xlsx,data_raw/jul-2023-data.xlsx,data_raw/jul-2023-data.xlsx,,,data_raw/jul-2023-smp-results.pdf
2023-07-01,SMP,2023-07-12,2023-07-17,ff_longer_run_target,2.38,2.5,2.75,xlsx,data_raw/jul-2023-data.xlsx,data_raw/jul-2023-data.xlsx,,,data_raw/jul-2023-smp-results.pdf
2023-07-01,SPD,2023-07-12,2023-07-17,ff_longer_run_target,2.5,2.5,2.66,xlsx,data_raw/jul-2023-data.xlsx,data_raw/jul-2023-data.xlsx,,,data_raw/jul-2023-spd-results.pdf
2023-09-01,SMP,2023-09-06,2023-09-11,ff_longer_run_target,2.38,2.63,2.88,xlsx,data_raw/sep-2023-data.xlsx,data_raw/sep-2023-data.xlsx,,,data_raw/sep-2023-smp-results.pdf
2023-09-01,SPD,2023-09-06,2023-09-11,ff_longer_run_target,2.5,2.5,2.75,xlsx,data_raw/sep-2023-data.xlsx,data_raw/sep-2023-data.xlsx,,,data_raw/sep-2023-spd-results.pdf
2023-09-01,Combined,2023-09-06,2023-09-11,ff_longer_run_target,2.5,2.56,2.88,xlsx,data_raw/sep-2023-data.xlsx,data_raw/sep-2023-data.xlsx,,,data_raw/sep-2023-smp-results.pdf
2023-10-01,SPD,2023-10-18,2023-10-23,ff_longer_run_target,2.5,2.75,3.0,xlsx,data_raw/oct-2023-data.xlsx,data_raw/oct-2023-data.xlsx,,,data_raw/oct-2023-spd-results.pdf
2023-10-01,SMP,2023-10-18,2023-10-23,ff_longer_run_target,2.38,2.6,2.94,xlsx,data_raw/oct-2023-data.xlsx,data_raw/oct-2023-data.xlsx,,,data_raw/oct-2023-smp-results.pdf
2023-10-01,Combined,2023-10-18,2023-10-23,ff_longer_run_target,2.5,2.63,3.0,xlsx,data_raw/oct-2023-data.xlsx,data_raw/oct-2023-data.xlsx,,,data_raw/oct-2023-smp-results.pdf
2023-12-01,Combined,2023-11-29,2023-12-04,ff_longer_run_target,2.5,2.75,3.0,xlsx,data_raw/dec-2023-data.xlsx,data_raw/dec-2023-data.xlsx,,,data_raw/dec-2023-smp-results.pdf
2023-12-01,SMP,2023-11-29,2023-12-04,ff_longer_run_target,2.5,2.63,2.94,xlsx,data_raw/dec-2023-data.xlsx,data_raw/dec-2023-data.xlsx,,,data_raw/dec-2023-smp-results.pdf
2023-12-01,SPD,2023-11-29,2023-12-04,ff_longer_run_target,2.5,2.75,3.0,xlsx,data_raw/dec-2023-data.xlsx,data_raw/dec-2023-data.xlsx,,,data_raw/dec-2023-spd-results.pdf
2024-01-01,Combined,2024-01-17,2024-01-22,ff_longer_run_target,2.5,2.75,3.08,xlsx,data_raw/jan-2024-data.xlsx,data_raw/jan-2024-data.xlsx,,,data_raw/jan-2024-smp-results.pdf
2024-01-01,SMP,2024-01-17,2024-01-22,ff_longer_run_target,2.5,2.69,3.08,xlsx,data_raw/jan-2024-data.xlsx,data_raw/jan-2024-data.xlsx,,,data_raw/jan-2024-smp-results.pdf
2024-01-01,SPD,2024-01-17,2024-01-22,ff_longer_run_target,2.5,2.88,3.03,xlsx,data_raw/jan-2024-data.xlsx,data_raw/jan-2024-data.xlsx,,,data_raw/jan-2024-spd-results.pdf
2024-03-01,Combined,2024-03-06,2024-03-11,ff_longer_run_target,2.5,2.75,3.11,xlsx,data_raw/mar-2024-data.xlsx,data_raw/mar-2024-data.xlsx,,,data_raw/mar-2024-smp-results.pdf
2024-03-01,SMP,2024-03-06,2024-03-11,ff_longer_run_target,2.5,2.75,3.03,xlsx,data_raw/mar-2024-data.xlsx,data_raw/mar-2024-data.xlsx,,,data_raw/mar-2024-smp-results.pdf
2024-03-01,SPD,2024-03-06,2024-03-11,ff_longer_run_target,2.5,2.94,3.13,xlsx,data_raw/mar-2024-data.xlsx,data_raw/mar-2024-data.xlsx,,,data_raw/mar-2024-spd-results.pdf
2024-05-01,Combined,2024-04-17,2024-04-22,ff_longer_run_target,2.63,3.0,3.13,xlsx,data_raw/apr-may-2024-data.xlsx,data_raw/apr-may-2024-data.xlsx,,,data_raw/apr-may-2024-smp-results.pdf
2024-05-01,SMP,2024-04-17,2024-04-22,ff_longer_run_target,2.5,2.88,3.11,xlsx,data_raw/apr-may-2024-data.xlsx,data_raw/apr-may-2024-data.xlsx,,,data_raw/apr-may-2024-smp-results.pdf
2024-05-01,SPD,2024-04-17,2024-04-22,ff_longer_run_target,2.75,3.0,3.16,xlsx,data_raw/apr-may-2024-data.xlsx,data_raw/apr-may-2024-data.xlsx,,,data_raw/apr-may-2024-spd-results.pdf
2024-06-01,SPD,2024-05-29,2024-06-03,ff_longer_run_target,2.81,3.13,3.19,xlsx,data_raw/jun-2024-data.xlsx,data_raw/jun-2024-data.xlsx,,,data_raw/jun-2024-spd-results.pdf
2024-06-01,SMP,2024-05-29,2024-06-03,ff_longer_run_target,2.63,2.88,3.1,xlsx,data_raw/jun-2024-data.xlsx,data_raw/jun-2024-data.xlsx,,,data_raw/jun-2024-smp-results.pdf
2024-06-01,Combined,2024-05-29,2024-06-03,ff_longer_run_target,2.72,3.0,3.13,xlsx,data_raw/jun-2024-data.xlsx,data_raw/jun-2024-data.xlsx,,,data_raw/jun-2024-smp-results.pdf
2024-07-01,Combined,2024-07-17,2024-07-22,ff_longer_run_target,2.75,3.0,3.25,xlsx,data_raw/jul-2024-data.xlsx,data_raw/jul-2024-data.xlsx,,,data_raw/jul-2024-smp-results.pdf
2024-07-01,SMP,2024-07-17,2024-07-22,ff_longer_run_target,2.63,3.0,3.13,xlsx,data_raw/jul-2024-data.xlsx,data_raw/jul-2024-data.xlsx,,,data_raw/jul-2024-smp-results.pdf
2024-07-01,SPD,2024-07-17,2024-07-22,ff_longer_run_target,2.86,3.13,3.38,xlsx,data_raw/jul-2024-data.xlsx,data_raw/jul-2024-data.xlsx,,,data_raw/jul-2024-spd-results.pdf
2024-09-01,Combined,2024-09-04,2024-09-09,ff_longer_run_target,2.75,2.88,3.13,xlsx,data_raw/sep-2024-data.xlsx,data_raw/sep-2024-data.xlsx,,,data_raw/sep-2024-smp-results.pdf
2024-09-01,SMP,2024-09-04,2024-09-09,ff_longer_run_target,2.75,2.88,3.0,xlsx,data_raw/sep-2024-data.xlsx,data_raw/sep-2024-data.xlsx,,,data_raw/sep-2024-smp-results.pdf
2024-09-01,SPD,2024-09-04,2024-09-09,ff_longer_run_target,2.79,3.06,3.25,xlsx,data_raw/sep-2024-data.xlsx,data_raw/sep-2024-data.xlsx,,,data_raw/sep-2024-spd-results.pdf
2024-11-01,Combined,2024-10-23,2024-10-28,ff_longer_run_target,2.75,3.0,3.13,xlsx,data_raw/nov-2024-data.xlsx,data_raw/nov-2024-data.xlsx,,,data_raw/nov-2024-smp-results.pdf
2024-11-01,SMP,2024-10-23,2024-10-28,ff_longer_run_target,2.75,2.88,3.13,xlsx,data_raw/nov-2024-data.xlsx,data_raw/nov-2024-data.xlsx,,,data_raw/nov-2024-smp-results.pdf
2024-11-01,SPD,2024-10-23,2024-10-28,ff_longer_run_target,2.8,3.13,3.28,xlsx,data_raw/nov-2024-data.xlsx,data_raw/nov-2024-data.xlsx,,,data_raw/nov-2024-spd-results.pdf
2024-12-01,Combined,2024-12-04,2024-12-09,ff_longer_run_target,2.88,3.13,3.38,xlsx,data_raw/dec-2024-data.xlsx,data_raw/dec-2024-data.xlsx,,,data_raw/dec-2024-smp-results.pdf
2024-12-01,SMP,2024-12-04,2024-12-09,ff_longer_run_target,2.72,2.94,3.19,xlsx,data_raw/dec-2024-data.xlsx,data_raw/dec-2024-data.xlsx,,,data_raw/dec-2024-smp-results.pdf
2024-12-01,SPD,2024-12-04,2024-12-09,ff_longer_run_target,2.97,3.13,3.38,xlsx,data_raw/dec-2024-data.xlsx,data_raw/dec-2024-data.xlsx,,,data_raw/dec-2024-spd-results.pdf
2025-01-01,SPD,2025-01-15,2025-01-21,ff_longer_run_target,3.0,3.19,3.5,xlsx,data_raw/jan-2025-data.xlsx,data_raw/jan-2025-data.xlsx,,,data_raw/jan-2025-sme-results.pdf
2025-01-01,Combined,2025-01-15,2025-01-21,ff_longer_run_target,2.88,3.13,3.45,xlsx,data_raw/jan-2025-data.xlsx,data_raw/jan-2025-data.xlsx,,,data_raw/jan-2025-sme-results.pdf
2025-01-01,SMP,2025-01-15,2025-01-21,ff_longer_run_target,2.81,3.0,3.38,xlsx,data_raw/jan-2025-data.xlsx,data_raw/jan-2025-data.xlsx,,,data_raw/jan-2025-sme-results.pdf
2025-03-01,Combined,2025-03-05,2025-03-10,ff_longer_run_target,2.88,3.13,3.4,xlsx,data_raw/mar-2025-data.xlsx,data_raw/mar-2025-data.xlsx,,,data_raw/mar-2025-sme-results.pdf
2025-03-01,SMP,2025-03-05,2025-03-10,ff_longer_run_target,2.88,3.06,3.28,xlsx,data_raw/mar-2025-data.xlsx,data_raw/mar-2025-data.xlsx,,,data_raw/mar-2025-sme-results.pdf
2025-03-01,SPD,2025-03-05,2025-03-10,ff_longer_run_target,3.0,3.13,3.5,xlsx,data_raw/mar-2025-data.xlsx,data_raw/mar-2025-data.xlsx,,,data_raw/mar-2025-sme-results.pdf
2025-05-01,Combined,2025-04-23,2025-04-28,ff_longer_run_target,2.88,3.13,3.38,xlsx,data_raw/may-2025-data.xlsx,data_raw/may-2025-data.xlsx,,,data_raw/may-2025-sme-results.pdf
2025-05-01,SMP,2025-04-23,2025-04-28,ff_longer_run_target,2.88,3.0,3.31,xlsx,data_raw/may-2025-data.xlsx,data_raw/may-2025-data.xlsx,,,data_raw/may-2025-sme-results.pdf
2025-05-01,SPD,2025-04-23,2025-04-28,ff_longer_run_target,3.0,3.13,3.5,xlsx,data_raw/may-2025-data.xlsx,data_raw/may-2025-data.xlsx,,,data_raw/may-2025-sme-results.pdf
2025-06-01,Combined,2025-06-04,2025-06-09,ff_longer_run_target,2.91,3.13,3.39,xlsx,data_raw/jun-2025-data.xlsx,data_raw/jun-2025-data.xlsx,,,data_raw/jun-2025-sme-results.pdf
2025-06-01,SMP,2025-06-04,2025-06-09,ff_longer_run_target,2.88,3.0,3.25,xlsx,data_raw/jun-2025-data.xlsx,data_raw/jun-2025-data.xlsx,,,data_raw/jun-2025-sme-results.pdf
2025-06-01,SPD,2025-06-04,2025-06-09,ff_longer_run_target,3.0,3.13,3.5,xlsx,data_raw/jun-2025-data.xlsx,data_raw/jun-2025-data.xlsx,,,data_raw/jun-2025-sme-results.pdf
2025-07-01,SPD,2025-07-16,2025-07-21,ff_longer_run_target,3.0,3.13,3.5,xlsx,data_raw/jul-2025-data.xlsx,data_raw/jul-2025-data.xlsx,,,data_raw/jul-2025-sme-results.pdf
2025-07-01,Combined,2025-07-16,2025-07-21,ff_longer_run_target,2.88,3.13,3.38,xlsx,data_raw/jul-2025-data.xlsx,data_raw/jul-2025-data.xlsx,,,data_raw/jul-2025-sme-results.pdf
2025-07-01,SMP,2025-07-16,2025-07-21,ff_longer_run_target,2.88,3.0,3.13,xlsx,data_raw/jul-2025-data.xlsx,data_raw/jul-2025-data.xlsx,,,data_raw/jul-2025-sme-results.pdf
2025-09-01,SPD,2025-09-03,2025-09-08,ff_longer_run_target,2.9,3.13,3.5,xlsx,data_raw/sep-2025-data.xlsx,data_raw/sep-2025-data.xlsx,,,data_raw/sep-2025-sme-results.pdf
2025-09-01,Combined,2025-09-03,2025-09-08,ff_longer_run_target,2.88,3.13,3.38,xlsx,data_raw/sep-2025-data.xlsx,data_raw/sep-2025-data.xlsx,,,data_raw/sep-2025-sme-results.pdf
2025-09-01,SMP,2025-09-03,2025-09-08,ff_longer_run_target,2.88,3.0,3.13,xlsx,data_raw/sep-2025-data.xlsx,data_raw/sep-2025-data.xlsx,,,data_raw/sep-2025-sme-results.pdf
2025-10-01,Combined,2025-10-15,2025-10-20,ff_longer_run_target,2.88,3.13,3.38,xlsx,data_raw/oct-2025-data.xlsx,data_raw/oct-2025-data.xlsx,,,data_raw/oct-2025-sme-results.pdf
2025-10-01,SMP,2025-10-15,2025-10-20,ff_longer_run_target,2.88,3.0,3.13,xlsx,data_raw/oct-2025-data.xlsx,data_raw/oct-2025-data.xlsx,,,data_raw/oct-2025-sme-results.pdf
2025-10-01,SPD,2025-10-15,2025-10-20,ff_longer_run_target,3.0,3.13,3.5,xlsx,data_raw/oct-2025-data.xlsx,data_raw/oct-2025-data.xlsx,,,data_raw/oct-2025-sme-results.pdf
2025-12-01,Combined,2025-11-25,2025-12-01,ff_longer_run_target,2.88,3.13,3.38,xlsx,data_raw/dec-2025-data.xlsx,data_raw/dec-2025-data.xlsx,,,data_raw/dec-2025-sme-results.pdf
2025-12-01,SMP,2025-11-25,2025-12-01,ff_longer_run_target,2.88,3.0,3.13,xlsx,data_raw/dec-2025-data.xlsx,data_raw/dec-2025-data.xlsx,,,data_raw/dec-2025-sme-results.pdf
2025-12-01,SPD,2025-11-25,2025-12-01,ff_longer_run_target,3.0,3.13,3.4,xlsx,data_raw/dec-2025-data.xlsx,data_raw/dec-2025-data.xlsx,,,data_raw/dec-2025-sme-results.pdf
2026-01-01,SMP,2026-01-14,2026-01-20,ff_longer_run_target,2.88,3.0,3.13,xlsx,data_raw/jan-2026-data.xlsx,data_raw/jan-2026-data.xlsx,,,data_raw/jan-2026-sme-results.pdf
2026-01-01,Combined,2026-01-14,2026-01-20,ff_longer_run_target,3.0,3.1,3.38,xlsx,data_raw/jan-2026-data.xlsx,data_raw/jan-2026-data.xlsx,,,data_raw/jan-2026-sme-results.pdf
2026-01-01,SPD,2026-01-14,2026-01-20,ff_longer_run_target,3.0,3.13,3.5,xlsx,data_raw/jan-2026-data.xlsx,data_raw/jan-2026-data.xlsx,,,data_raw/jan-2026-sme-results.pdf
2026-03-01,SMP,2026-03-04,2026-03-09,ff_longer_run_target,3.0,3.0,3.13,xlsx,data_raw/mar-2026-data.xlsx,data_raw/mar-2026-data.xlsx,,,data_raw/mar-2026-sme-results.pdf
2026-03-01,Combined,2026-03-04,2026-03-09,ff_longer_run_target,3.0,3.13,3.38,xlsx,data_raw/mar-2026-data.xlsx,data_raw/mar-2026-data.xlsx,,,data_raw/mar-2026-sme-results.pdf
2026-03-01,SPD,2026-03-04,2026-03-09,ff_longer_run_target,3.0,3.13,3.5,xlsx,data_raw/mar-2026-data.xlsx,data_raw/mar-2026-data.xlsx,,,data_raw/mar-2026-sme-results.pdf
2026-04-01,SMP,2026-04-15,2026-04-20,ff_longer_run_target,3.0,3.0,3.13,xlsx,data_raw/apr-2026-data.xlsx,data_raw/apr-2026-data.xlsx,,,data_raw/apr-2026-sme-results.pdf
2026-04-01,Combined,2026-04-15,2026-04-20,ff_longer_run_target,3.0,3.13,3.38,xlsx,data_raw/apr-2026-data.xlsx,data_raw/apr-2026-data.xlsx,,,data_raw/apr-2026-sme-results.pdf
2026-04-01,SPD,2026-04-15,2026-04-20,ff_longer_run_target,3.0,3.13,3.5,xlsx,data_raw/apr-2026-data.xlsx,data_raw/apr-2026-data.xlsx,,,data_raw/apr-2026-sme-results.pdf
