sep_meeting_date,sep_data_vintage_date,sep_p25,sep_p50,sep_p75,market_panel,market_survey_date,market_received_by_date,market_p25,market_p50,market_p75,market_minus_sep_pp,market_minus_sep_bps,days_between_market_receipt_and_sep,market_source,market_receipt_source_file
2020-06-10,2020-06-10,2.34375,2.5,2.5,SMP,2020-06-01,2020-06-01,1.75,2.0,2.5,-0.5,-50.0,9,pdf_llm,data_raw/jun-2020-smp-results.pdf
2020-06-10,2020-06-10,2.34375,2.5,2.5,SPD,2020-06-01,2020-06-01,2.0,2.25,2.5,-0.25,-25.0,9,pdf_llm,data_raw/jun-2020-spd-results.pdf
2020-09-16,2020-09-16,2.34375,2.5,2.5,SMP,2020-09-01,2020-09-08,1.5,2.0,2.38,-0.5,-50.0,8,pdf_llm,data_raw/sep-2020-smp-results.pdf
2020-09-16,2020-09-16,2.34375,2.5,2.5,SPD,2020-09-01,2020-09-08,2.0,2.25,2.5,-0.25,-25.0,8,pdf_llm,data_raw/sep-2020-spd-results.pdf
2020-12-16,2020-12-16,2.34375,2.5,2.5,SMP,2020-12-01,2020-12-07,1.63,2.0,2.25,-0.5,-50.0,9,pdf_llm,data_raw/dec-2020-smp-results.pdf
2020-12-16,2020-12-16,2.34375,2.5,2.5,SPD,2020-12-01,2020-12-07,2.0,2.25,2.5,-0.25,-25.0,9,pdf_llm,data_raw/dec-2020-spd-results.pdf
2021-03-17,2021-03-17,2.25,2.5,2.5,SMP,2021-03-01,2021-03-08,1.75,2.0,2.5,-0.5,-50.0,9,pdf_llm,data_raw/mar-2021-smp-results.pdf
2021-03-17,2021-03-17,2.25,2.5,2.5,SPD,2021-03-01,2021-03-08,2.13,2.25,2.5,-0.25,-25.0,9,pdf_llm,data_raw/mar-2021-spd-results.pdf
2021-06-16,2021-06-16,2.25,2.5,2.5,SMP,2021-06-01,2021-06-07,1.75,2.0,2.5,-0.5,-50.0,9,pdf_llm,data_raw/jun-2021-smp-results.pdf
2021-06-16,2021-06-16,2.25,2.5,2.5,SPD,2021-06-01,2021-06-07,2.06,2.31,2.5,-0.19,-19.0,9,pdf_llm,data_raw/jun-2021-spd-results.pdf
2021-09-22,2021-09-22,2.25,2.5,2.5,SMP,2021-09-01,2021-09-13,1.75,2.0,2.38,-0.5,-50.0,9,pdf_llm,data_raw/sep-2021-smp-results.pdf
2021-09-22,2021-09-22,2.25,2.5,2.5,SPD,2021-09-01,2021-09-13,2.0,2.25,2.5,-0.25,-25.0,9,pdf_llm,data_raw/sep-2021-spd-results.pdf
2021-12-15,2021-12-15,2.25,2.5,2.5,SMP,2021-12-01,2021-12-06,2.0,2.0,2.44,-0.5,-50.0,9,pdf_llm,data_raw/dec-2021-smp-results.pdf
2021-12-15,2021-12-15,2.25,2.5,2.5,SPD,2021-12-01,2021-12-06,2.0,2.25,2.44,-0.25,-25.0,9,pdf_llm,data_raw/dec-2021-spd-results.pdf
2022-06-15,2022-06-15,2.25,2.5,2.5,SMP,2022-06-01,2022-06-06,2.0,2.31,2.5,-0.19,-19.0,9,pdf_llm,data_raw/jun-2022-smp-results.pdf
2022-06-15,2022-06-15,2.25,2.5,2.5,SPD,2022-06-01,2022-06-06,2.25,2.38,2.5,-0.12,-12.0,9,pdf_llm,data_raw/jun-2022-spd-results.pdf
2022-09-21,2022-09-21,2.25,2.5,2.5,SMP,2022-09-01,2022-09-12,2.13,2.38,2.5,-0.12,-12.0,9,pdf_llm,data_raw/sep-2022-smp-results.pdf
2022-09-21,2022-09-21,2.25,2.5,2.5,SPD,2022-09-01,2022-09-12,2.25,2.38,2.5,-0.12,-12.0,9,pdf_llm,data_raw/sep-2022-spd-results.pdf
2022-12-14,2022-12-14,2.375,2.5,2.5,SMP,2022-12-01,2022-12-05,2.13,2.38,2.56,-0.12,-12.0,9,pdf_llm,data_raw/dec-2022-smp-results.pdf
2022-12-14,2022-12-14,2.375,2.5,2.5,SPD,2022-12-01,2022-12-05,2.25,2.5,2.5,0.0,0.0,9,pdf_llm,data_raw/dec-2022-spd-results.pdf
2023-03-22,2023-03-22,2.375,2.5,2.5,SMP,2023-03-01,2023-03-14,2.25,2.5,2.63,0.0,0.0,8,pdf_llm,data_raw/mar-2023-smp-results.pdf
2023-03-22,2023-03-22,2.375,2.5,2.5,SPD,2023-03-01,2023-03-14,2.38,2.5,2.63,0.0,0.0,8,pdf_llm,data_raw/mar-2023-spd-results.pdf
2023-06-14,2023-06-14,2.5,2.5,2.75,SMP,2023-06-01,2023-06-05,2.25,2.5,2.69,0.0,0.0,9,pdf_llm,data_raw/jun-2023-smp-results.pdf
2023-06-14,2023-06-14,2.5,2.5,2.75,SPD,2023-06-01,2023-06-05,2.5,2.5,2.63,0.0,0.0,9,pdf_llm,data_raw/jun-2023-spd-results.pdf
2023-09-20,2023-09-20,2.5,2.5,2.90625,Combined,2023-09-01,2023-09-11,2.5,2.56,2.88,0.06,6.0,9,xlsx,data_raw/sep-2023-smp-results.pdf
2023-09-20,2023-09-20,2.5,2.5,2.90625,SMP,2023-09-01,2023-09-11,2.38,2.63,2.88,0.13,13.0,9,xlsx,data_raw/sep-2023-smp-results.pdf
2023-09-20,2023-09-20,2.5,2.5,2.90625,SPD,2023-09-01,2023-09-11,2.5,2.5,2.75,0.0,0.0,9,xlsx,data_raw/sep-2023-spd-results.pdf
2023-12-13,2023-12-13,2.5,2.5,2.84375,Combined,2023-12-01,2023-12-04,2.5,2.75,3.0,0.25,25.0,9,xlsx,data_raw/dec-2023-smp-results.pdf
2023-12-13,2023-12-13,2.5,2.5,2.84375,SMP,2023-12-01,2023-12-04,2.5,2.63,2.94,0.13,13.0,9,xlsx,data_raw/dec-2023-smp-results.pdf
2023-12-13,2023-12-13,2.5,2.5,2.84375,SPD,2023-12-01,2023-12-04,2.5,2.75,3.0,0.25,25.0,9,xlsx,data_raw/dec-2023-spd-results.pdf
2024-03-20,2024-03-20,2.5,2.5625,3.0,Combined,2024-03-01,2024-03-11,2.5,2.75,3.11,0.1875,18.8,9,xlsx,data_raw/mar-2024-smp-results.pdf
2024-03-20,2024-03-20,2.5,2.5625,3.0,SMP,2024-03-01,2024-03-11,2.5,2.75,3.03,0.1875,18.8,9,xlsx,data_raw/mar-2024-smp-results.pdf
2024-03-20,2024-03-20,2.5,2.5625,3.0,SPD,2024-03-01,2024-03-11,2.5,2.94,3.13,0.3775,37.7,9,xlsx,data_raw/mar-2024-spd-results.pdf
2024-06-12,2024-06-12,2.5,2.75,3.0625,Combined,2024-06-01,2024-06-03,2.72,3.0,3.13,0.25,25.0,9,xlsx,data_raw/jun-2024-smp-results.pdf
2024-06-12,2024-06-12,2.5,2.75,3.0625,SMP,2024-06-01,2024-06-03,2.63,2.88,3.1,0.13,13.0,9,xlsx,data_raw/jun-2024-smp-results.pdf
2024-06-12,2024-06-12,2.5,2.75,3.0625,SPD,2024-06-01,2024-06-03,2.81,3.13,3.19,0.38,38.0,9,xlsx,data_raw/jun-2024-spd-results.pdf
2024-09-18,2024-09-18,2.6875,2.875,3.375,Combined,2024-09-01,2024-09-09,2.75,2.88,3.13,0.005,0.5,9,xlsx,data_raw/sep-2024-smp-results.pdf
2024-09-18,2024-09-18,2.6875,2.875,3.375,SMP,2024-09-01,2024-09-09,2.75,2.88,3.0,0.005,0.5,9,xlsx,data_raw/sep-2024-smp-results.pdf
2024-09-18,2024-09-18,2.6875,2.875,3.375,SPD,2024-09-01,2024-09-09,2.79,3.06,3.25,0.185,18.5,9,xlsx,data_raw/sep-2024-spd-results.pdf
2024-12-18,2024-12-18,2.875,3.0,3.5,Combined,2024-12-01,2024-12-09,2.88,3.13,3.38,0.13,13.0,9,xlsx,data_raw/dec-2024-smp-results.pdf
2024-12-18,2024-12-18,2.875,3.0,3.5,SMP,2024-12-01,2024-12-09,2.72,2.94,3.19,-0.06,-6.0,9,xlsx,data_raw/dec-2024-smp-results.pdf
2024-12-18,2024-12-18,2.875,3.0,3.5,SPD,2024-12-01,2024-12-09,2.97,3.13,3.38,0.13,13.0,9,xlsx,data_raw/dec-2024-spd-results.pdf
2025-03-19,2025-03-19,2.875,3.0,3.5,Combined,2025-03-01,2025-03-10,2.88,3.13,3.4,0.13,13.0,9,xlsx,data_raw/mar-2025-sme-results.pdf
2025-03-19,2025-03-19,2.875,3.0,3.5,SMP,2025-03-01,2025-03-10,2.88,3.06,3.28,0.06,6.0,9,xlsx,data_raw/mar-2025-sme-results.pdf
2025-03-19,2025-03-19,2.875,3.0,3.5,SPD,2025-03-01,2025-03-10,3.0,3.13,3.5,0.13,13.0,9,xlsx,data_raw/mar-2025-sme-results.pdf
2025-06-18,2025-06-18,2.875,3.0,3.5,Combined,2025-06-01,2025-06-09,2.91,3.13,3.39,0.13,13.0,9,xlsx,data_raw/jun-2025-sme-results.pdf
2025-06-18,2025-06-18,2.875,3.0,3.5,SMP,2025-06-01,2025-06-09,2.88,3.0,3.25,0.0,0.0,9,xlsx,data_raw/jun-2025-sme-results.pdf
2025-06-18,2025-06-18,2.875,3.0,3.5,SPD,2025-06-01,2025-06-09,3.0,3.13,3.5,0.13,13.0,9,xlsx,data_raw/jun-2025-sme-results.pdf
2025-09-17,2025-09-17,2.8125,3.0,3.375,Combined,2025-09-01,2025-09-08,2.88,3.13,3.38,0.13,13.0,9,xlsx,data_raw/sep-2025-sme-results.pdf
2025-09-17,2025-09-17,2.8125,3.0,3.375,SMP,2025-09-01,2025-09-08,2.88,3.0,3.13,0.0,0.0,9,xlsx,data_raw/sep-2025-sme-results.pdf
2025-09-17,2025-09-17,2.8125,3.0,3.375,SPD,2025-09-01,2025-09-08,2.9,3.13,3.5,0.13,13.0,9,xlsx,data_raw/sep-2025-sme-results.pdf
2025-12-10,2025-12-10,2.9375,3.0,3.375,Combined,2025-12-01,2025-12-01,2.88,3.13,3.38,0.13,13.0,9,xlsx,data_raw/dec-2025-sme-results.pdf
2025-12-10,2025-12-10,2.9375,3.0,3.375,SMP,2025-12-01,2025-12-01,2.88,3.0,3.13,0.0,0.0,9,xlsx,data_raw/dec-2025-sme-results.pdf
2025-12-10,2025-12-10,2.9375,3.0,3.375,SPD,2025-12-01,2025-12-01,3.0,3.13,3.4,0.13,13.0,9,xlsx,data_raw/dec-2025-sme-results.pdf
2026-03-18,2026-03-18,3.0,3.125,3.375,Combined,2026-03-01,2026-03-09,3.0,3.13,3.38,0.005,0.5,9,xlsx,data_raw/mar-2026-sme-results.pdf
2026-03-18,2026-03-18,3.0,3.125,3.375,SMP,2026-03-01,2026-03-09,3.0,3.0,3.13,-0.125,-12.5,9,xlsx,data_raw/mar-2026-sme-results.pdf
2026-03-18,2026-03-18,3.0,3.125,3.375,SPD,2026-03-01,2026-03-09,3.0,3.13,3.5,0.005,0.5,9,xlsx,data_raw/mar-2026-sme-results.pdf
