meeting_date,horizon,dot_value
2020-06-10,2020,0.125
2020-06-10,2020,0.125
2020-06-10,2020,0.125
2020-06-10,2020,0.125
2020-06-10,2020,0.125
2020-06-10,2020,0.125
2020-06-10,2020,0.125
2020-06-10,2020,0.125
2020-06-10,2020,0.125
2020-06-10,2020,0.125
2020-06-10,2020,0.125
2020-06-10,2020,0.125
2020-06-10,2020,0.125
2020-06-10,2020,0.125
2020-06-10,2020,0.125
2020-06-10,2020,0.125
2020-06-10,2020,0.125
2020-06-10,2021,0.125
2020-06-10,2021,0.125
2020-06-10,2021,0.125
2020-06-10,2021,0.125
2020-06-10,2021,0.125
2020-06-10,2021,0.125
2020-06-10,2021,0.125
2020-06-10,2021,0.125
2020-06-10,2021,0.125
2020-06-10,2021,0.125
2020-06-10,2021,0.125
2020-06-10,2021,0.125
2020-06-10,2021,0.125
2020-06-10,2021,0.125
2020-06-10,2021,0.125
2020-06-10,2021,0.125
2020-06-10,2021,0.125
2020-06-10,2022,0.125
2020-06-10,2022,0.125
2020-06-10,2022,0.125
2020-06-10,2022,0.125
2020-06-10,2022,0.125
2020-06-10,2022,0.125
2020-06-10,2022,0.125
2020-06-10,2022,0.125
2020-06-10,2022,0.125
2020-06-10,2022,0.125
2020-06-10,2022,0.125
2020-06-10,2022,0.125
2020-06-10,2022,0.125
2020-06-10,2022,0.125
2020-06-10,2022,0.125
2020-06-10,2022,0.375
2020-06-10,2022,1.125
2020-06-10,Longer run,2.0
2020-06-10,Longer run,2.25
2020-06-10,Longer run,2.25
2020-06-10,Longer run,2.25
2020-06-10,Longer run,2.375
2020-06-10,Longer run,2.5
2020-06-10,Longer run,2.5
2020-06-10,Longer run,2.5
2020-06-10,Longer run,2.5
2020-06-10,Longer run,2.5
2020-06-10,Longer run,2.5
2020-06-10,Longer run,2.5
2020-06-10,Longer run,2.5
2020-06-10,Longer run,2.75
2020-06-10,Longer run,3.0
2020-06-10,Longer run,3.0
2020-09-16,2020,0.125
2020-09-16,2020,0.125
2020-09-16,2020,0.125
2020-09-16,2020,0.125
2020-09-16,2020,0.125
2020-09-16,2020,0.125
2020-09-16,2020,0.125
2020-09-16,2020,0.125
2020-09-16,2020,0.125
2020-09-16,2020,0.125
2020-09-16,2020,0.125
2020-09-16,2020,0.125
2020-09-16,2020,0.125
2020-09-16,2020,0.125
2020-09-16,2020,0.125
2020-09-16,2020,0.125
2020-09-16,2020,0.125
2020-09-16,2021,0.125
2020-09-16,2021,0.125
2020-09-16,2021,0.125
2020-09-16,2021,0.125
2020-09-16,2021,0.125
2020-09-16,2021,0.125
2020-09-16,2021,0.125
2020-09-16,2021,0.125
2020-09-16,2021,0.125
2020-09-16,2021,0.125
2020-09-16,2021,0.125
2020-09-16,2021,0.125
2020-09-16,2021,0.125
2020-09-16,2021,0.125
2020-09-16,2021,0.125
2020-09-16,2021,0.125
2020-09-16,2021,0.125
2020-09-16,2022,0.125
2020-09-16,2022,0.125
2020-09-16,2022,0.125
2020-09-16,2022,0.125
2020-09-16,2022,0.125
2020-09-16,2022,0.125
2020-09-16,2022,0.125
2020-09-16,2022,0.125
2020-09-16,2022,0.125
2020-09-16,2022,0.125
2020-09-16,2022,0.125
2020-09-16,2022,0.125
2020-09-16,2022,0.125
2020-09-16,2022,0.125
2020-09-16,2022,0.125
2020-09-16,2022,0.125
2020-09-16,2022,0.625
2020-09-16,2023,0.125
2020-09-16,2023,0.125
2020-09-16,2023,0.125
2020-09-16,2023,0.125
2020-09-16,2023,0.125
2020-09-16,2023,0.125
2020-09-16,2023,0.125
2020-09-16,2023,0.125
2020-09-16,2023,0.125
2020-09-16,2023,0.125
2020-09-16,2023,0.125
2020-09-16,2023,0.125
2020-09-16,2023,0.125
2020-09-16,2023,0.375
2020-09-16,2023,0.375
2020-09-16,2023,0.625
2020-09-16,2023,1.375
2020-09-16,Longer run,2.0
2020-09-16,Longer run,2.25
2020-09-16,Longer run,2.25
2020-09-16,Longer run,2.25
2020-09-16,Longer run,2.375
2020-09-16,Longer run,2.5
2020-09-16,Longer run,2.5
2020-09-16,Longer run,2.5
2020-09-16,Longer run,2.5
2020-09-16,Longer run,2.5
2020-09-16,Longer run,2.5
2020-09-16,Longer run,2.5
2020-09-16,Longer run,2.5
2020-09-16,Longer run,2.75
2020-09-16,Longer run,3.0
2020-09-16,Longer run,3.0
2020-12-16,2020,0.125
2020-12-16,2020,0.125
2020-12-16,2020,0.125
2020-12-16,2020,0.125
2020-12-16,2020,0.125
2020-12-16,2020,0.125
2020-12-16,2020,0.125
2020-12-16,2020,0.125
2020-12-16,2020,0.125
2020-12-16,2020,0.125
2020-12-16,2020,0.125
2020-12-16,2020,0.125
2020-12-16,2020,0.125
2020-12-16,2020,0.125
2020-12-16,2020,0.125
2020-12-16,2020,0.125
2020-12-16,2020,0.125
2020-12-16,2021,0.125
2020-12-16,2021,0.125
2020-12-16,2021,0.125
2020-12-16,2021,0.125
2020-12-16,2021,0.125
2020-12-16,2021,0.125
2020-12-16,2021,0.125
2020-12-16,2021,0.125
2020-12-16,2021,0.125
2020-12-16,2021,0.125
2020-12-16,2021,0.125
2020-12-16,2021,0.125
2020-12-16,2021,0.125
2020-12-16,2021,0.125
2020-12-16,2021,0.125
2020-12-16,2021,0.125
2020-12-16,2021,0.125
2020-12-16,2022,0.125
2020-12-16,2022,0.125
2020-12-16,2022,0.125
2020-12-16,2022,0.125
2020-12-16,2022,0.125
2020-12-16,2022,0.125
2020-12-16,2022,0.125
2020-12-16,2022,0.125
2020-12-16,2022,0.125
2020-12-16,2022,0.125
2020-12-16,2022,0.125
2020-12-16,2022,0.125
2020-12-16,2022,0.125
2020-12-16,2022,0.125
2020-12-16,2022,0.125
2020-12-16,2022,0.125
2020-12-16,2022,0.375
2020-12-16,2023,0.125
2020-12-16,2023,0.125
2020-12-16,2023,0.125
2020-12-16,2023,0.125
2020-12-16,2023,0.125
2020-12-16,2023,0.125
2020-12-16,2023,0.125
2020-12-16,2023,0.125
2020-12-16,2023,0.125
2020-12-16,2023,0.125
2020-12-16,2023,0.125
2020-12-16,2023,0.125
2020-12-16,2023,0.375
2020-12-16,2023,0.375
2020-12-16,2023,0.375
2020-12-16,2023,0.625
2020-12-16,2023,1.125
2020-12-16,Longer run,2.0
2020-12-16,Longer run,2.25
2020-12-16,Longer run,2.25
2020-12-16,Longer run,2.25
2020-12-16,Longer run,2.375
2020-12-16,Longer run,2.5
2020-12-16,Longer run,2.5
2020-12-16,Longer run,2.5
2020-12-16,Longer run,2.5
2020-12-16,Longer run,2.5
2020-12-16,Longer run,2.5
2020-12-16,Longer run,2.5
2020-12-16,Longer run,2.5
2020-12-16,Longer run,2.75
2020-12-16,Longer run,3.0
2020-12-16,Longer run,3.0
2021-03-17,2021,0.125
2021-03-17,2021,0.125
2021-03-17,2021,0.125
2021-03-17,2021,0.125
2021-03-17,2021,0.125
2021-03-17,2021,0.125
2021-03-17,2021,0.125
2021-03-17,2021,0.125
2021-03-17,2021,0.125
2021-03-17,2021,0.125
2021-03-17,2021,0.125
2021-03-17,2021,0.125
2021-03-17,2021,0.125
2021-03-17,2021,0.125
2021-03-17,2021,0.125
2021-03-17,2021,0.125
2021-03-17,2021,0.125
2021-03-17,2021,0.125
2021-03-17,2022,0.125
2021-03-17,2022,0.125
2021-03-17,2022,0.125
2021-03-17,2022,0.125
2021-03-17,2022,0.125
2021-03-17,2022,0.125
2021-03-17,2022,0.125
2021-03-17,2022,0.125
2021-03-17,2022,0.125
2021-03-17,2022,0.125
2021-03-17,2022,0.125
2021-03-17,2022,0.125
2021-03-17,2022,0.125
2021-03-17,2022,0.125
2021-03-17,2022,0.375
2021-03-17,2022,0.375
2021-03-17,2022,0.375
2021-03-17,2022,0.625
2021-03-17,2023,0.125
2021-03-17,2023,0.125
2021-03-17,2023,0.125
2021-03-17,2023,0.125
2021-03-17,2023,0.125
2021-03-17,2023,0.125
2021-03-17,2023,0.125
2021-03-17,2023,0.125
2021-03-17,2023,0.125
2021-03-17,2023,0.125
2021-03-17,2023,0.125
2021-03-17,2023,0.375
2021-03-17,2023,0.625
2021-03-17,2023,0.875
2021-03-17,2023,0.875
2021-03-17,2023,0.875
2021-03-17,2023,1.125
2021-03-17,2023,1.125
2021-03-17,Longer run,2.0
2021-03-17,Longer run,2.25
2021-03-17,Longer run,2.25
2021-03-17,Longer run,2.25
2021-03-17,Longer run,2.25
2021-03-17,Longer run,2.375
2021-03-17,Longer run,2.5
2021-03-17,Longer run,2.5
2021-03-17,Longer run,2.5
2021-03-17,Longer run,2.5
2021-03-17,Longer run,2.5
2021-03-17,Longer run,2.5
2021-03-17,Longer run,2.5
2021-03-17,Longer run,2.5
2021-03-17,Longer run,2.75
2021-03-17,Longer run,3.0
2021-03-17,Longer run,3.0
2021-06-16,2021,0.125
2021-06-16,2021,0.125
2021-06-16,2021,0.125
2021-06-16,2021,0.125
2021-06-16,2021,0.125
2021-06-16,2021,0.125
2021-06-16,2021,0.125
2021-06-16,2021,0.125
2021-06-16,2021,0.125
2021-06-16,2021,0.125
2021-06-16,2021,0.125
2021-06-16,2021,0.125
2021-06-16,2021,0.125
2021-06-16,2021,0.125
2021-06-16,2021,0.125
2021-06-16,2021,0.125
2021-06-16,2021,0.125
2021-06-16,2021,0.125
2021-06-16,2022,0.125
2021-06-16,2022,0.125
2021-06-16,2022,0.125
2021-06-16,2022,0.125
2021-06-16,2022,0.125
2021-06-16,2022,0.125
2021-06-16,2022,0.125
2021-06-16,2022,0.125
2021-06-16,2022,0.125
2021-06-16,2022,0.125
2021-06-16,2022,0.125
2021-06-16,2022,0.375
2021-06-16,2022,0.375
2021-06-16,2022,0.375
2021-06-16,2022,0.375
2021-06-16,2022,0.375
2021-06-16,2022,0.625
2021-06-16,2022,0.625
2021-06-16,2023,0.125
2021-06-16,2023,0.125
2021-06-16,2023,0.125
2021-06-16,2023,0.125
2021-06-16,2023,0.125
2021-06-16,2023,0.375
2021-06-16,2023,0.375
2021-06-16,2023,0.625
2021-06-16,2023,0.625
2021-06-16,2023,0.625
2021-06-16,2023,0.875
2021-06-16,2023,0.875
2021-06-16,2023,0.875
2021-06-16,2023,1.125
2021-06-16,2023,1.125
2021-06-16,2023,1.125
2021-06-16,2023,1.625
2021-06-16,2023,1.625
2021-06-16,Longer run,2.0
2021-06-16,Longer run,2.25
2021-06-16,Longer run,2.25
2021-06-16,Longer run,2.25
2021-06-16,Longer run,2.25
2021-06-16,Longer run,2.375
2021-06-16,Longer run,2.5
2021-06-16,Longer run,2.5
2021-06-16,Longer run,2.5
2021-06-16,Longer run,2.5
2021-06-16,Longer run,2.5
2021-06-16,Longer run,2.5
2021-06-16,Longer run,2.5
2021-06-16,Longer run,2.5
2021-06-16,Longer run,2.75
2021-06-16,Longer run,3.0
2021-06-16,Longer run,3.0
2021-09-22,2021,0.125
2021-09-22,2021,0.125
2021-09-22,2021,0.125
2021-09-22,2021,0.125
2021-09-22,2021,0.125
2021-09-22,2021,0.125
2021-09-22,2021,0.125
2021-09-22,2021,0.125
2021-09-22,2021,0.125
2021-09-22,2021,0.125
2021-09-22,2021,0.125
2021-09-22,2021,0.125
2021-09-22,2021,0.125
2021-09-22,2021,0.125
2021-09-22,2021,0.125
2021-09-22,2021,0.125
2021-09-22,2021,0.125
2021-09-22,2021,0.125
2021-09-22,2022,0.125
2021-09-22,2022,0.125
2021-09-22,2022,0.125
2021-09-22,2022,0.125
2021-09-22,2022,0.125
2021-09-22,2022,0.125
2021-09-22,2022,0.125
2021-09-22,2022,0.125
2021-09-22,2022,0.125
2021-09-22,2022,0.375
2021-09-22,2022,0.375
2021-09-22,2022,0.375
2021-09-22,2022,0.375
2021-09-22,2022,0.375
2021-09-22,2022,0.375
2021-09-22,2022,0.625
2021-09-22,2022,0.625
2021-09-22,2022,0.625
2021-09-22,2023,0.125
2021-09-22,2023,0.375
2021-09-22,2023,0.375
2021-09-22,2023,0.375
2021-09-22,2023,0.375
2021-09-22,2023,0.625
2021-09-22,2023,0.625
2021-09-22,2023,0.625
2021-09-22,2023,0.875
2021-09-22,2023,1.125
2021-09-22,2023,1.125
2021-09-22,2023,1.125
2021-09-22,2023,1.125
2021-09-22,2023,1.125
2021-09-22,2023,1.125
2021-09-22,2023,1.625
2021-09-22,2023,1.625
2021-09-22,2023,1.625
2021-09-22,2024,0.625
2021-09-22,2024,0.875
2021-09-22,2024,0.875
2021-09-22,2024,0.875
2021-09-22,2024,1.125
2021-09-22,2024,1.125
2021-09-22,2024,1.125
2021-09-22,2024,1.625
2021-09-22,2024,1.625
2021-09-22,2024,1.875
2021-09-22,2024,2.125
2021-09-22,2024,2.125
2021-09-22,2024,2.125
2021-09-22,2024,2.125
2021-09-22,2024,2.125
2021-09-22,2024,2.125
2021-09-22,2024,2.375
2021-09-22,2024,2.625
2021-09-22,Longer run,2.0
2021-09-22,Longer run,2.25
2021-09-22,Longer run,2.25
2021-09-22,Longer run,2.25
2021-09-22,Longer run,2.25
2021-09-22,Longer run,2.375
2021-09-22,Longer run,2.5
2021-09-22,Longer run,2.5
2021-09-22,Longer run,2.5
2021-09-22,Longer run,2.5
2021-09-22,Longer run,2.5
2021-09-22,Longer run,2.5
2021-09-22,Longer run,2.5
2021-09-22,Longer run,2.5
2021-09-22,Longer run,2.5
2021-09-22,Longer run,3.0
2021-09-22,Longer run,3.0
2021-12-15,2021,0.125
2021-12-15,2021,0.125
2021-12-15,2021,0.125
2021-12-15,2021,0.125
2021-12-15,2021,0.125
2021-12-15,2021,0.125
2021-12-15,2021,0.125
2021-12-15,2021,0.125
2021-12-15,2021,0.125
2021-12-15,2021,0.125
2021-12-15,2021,0.125
2021-12-15,2021,0.125
2021-12-15,2021,0.125
2021-12-15,2021,0.125
2021-12-15,2021,0.125
2021-12-15,2021,0.125
2021-12-15,2021,0.125
2021-12-15,2021,0.125
2021-12-15,2022,0.375
2021-12-15,2022,0.625
2021-12-15,2022,0.625
2021-12-15,2022,0.625
2021-12-15,2022,0.625
2021-12-15,2022,0.625
2021-12-15,2022,0.875
2021-12-15,2022,0.875
2021-12-15,2022,0.875
2021-12-15,2022,0.875
2021-12-15,2022,0.875
2021-12-15,2022,0.875
2021-12-15,2022,0.875
2021-12-15,2022,0.875
2021-12-15,2022,0.875
2021-12-15,2022,0.875
2021-12-15,2022,1.125
2021-12-15,2022,1.125
2021-12-15,2023,1.125
2021-12-15,2023,1.125
2021-12-15,2023,1.375
2021-12-15,2023,1.375
2021-12-15,2023,1.375
2021-12-15,2023,1.375
2021-12-15,2023,1.375
2021-12-15,2023,1.625
2021-12-15,2023,1.625
2021-12-15,2023,1.625
2021-12-15,2023,1.875
2021-12-15,2023,1.875
2021-12-15,2023,1.875
2021-12-15,2023,1.875
2021-12-15,2023,1.875
2021-12-15,2023,2.125
2021-12-15,2023,2.125
2021-12-15,2023,2.125
2021-12-15,2024,1.875
2021-12-15,2024,1.875
2021-12-15,2024,1.875
2021-12-15,2024,1.875
2021-12-15,2024,1.875
2021-12-15,2024,2.125
2021-12-15,2024,2.125
2021-12-15,2024,2.125
2021-12-15,2024,2.125
2021-12-15,2024,2.125
2021-12-15,2024,2.25
2021-12-15,2024,2.375
2021-12-15,2024,2.375
2021-12-15,2024,2.875
2021-12-15,2024,2.875
2021-12-15,2024,2.875
2021-12-15,2024,2.875
2021-12-15,2024,3.125
2021-12-15,Longer run,2.0
2021-12-15,Longer run,2.25
2021-12-15,Longer run,2.25
2021-12-15,Longer run,2.25
2021-12-15,Longer run,2.25
2021-12-15,Longer run,2.375
2021-12-15,Longer run,2.5
2021-12-15,Longer run,2.5
2021-12-15,Longer run,2.5
2021-12-15,Longer run,2.5
2021-12-15,Longer run,2.5
2021-12-15,Longer run,2.5
2021-12-15,Longer run,2.5
2021-12-15,Longer run,2.5
2021-12-15,Longer run,2.5
2021-12-15,Longer run,3.0
2021-12-15,Longer run,3.0
2022-06-15,2022,3.125
2022-06-15,2022,3.125
2022-06-15,2022,3.125
2022-06-15,2022,3.125
2022-06-15,2022,3.125
2022-06-15,2022,3.375
2022-06-15,2022,3.375
2022-06-15,2022,3.375
2022-06-15,2022,3.375
2022-06-15,2022,3.375
2022-06-15,2022,3.375
2022-06-15,2022,3.375
2022-06-15,2022,3.375
2022-06-15,2022,3.625
2022-06-15,2022,3.625
2022-06-15,2022,3.625
2022-06-15,2022,3.625
2022-06-15,2022,3.875
2022-06-15,2023,2.875
2022-06-15,2023,3.375
2022-06-15,2023,3.625
2022-06-15,2023,3.625
2022-06-15,2023,3.625
2022-06-15,2023,3.625
2022-06-15,2023,3.625
2022-06-15,2023,3.625
2022-06-15,2023,3.625
2022-06-15,2023,3.875
2022-06-15,2023,3.875
2022-06-15,2023,3.875
2022-06-15,2023,3.875
2022-06-15,2023,4.125
2022-06-15,2023,4.125
2022-06-15,2023,4.125
2022-06-15,2023,4.125
2022-06-15,2023,4.375
2022-06-15,2024,2.125
2022-06-15,2024,2.25
2022-06-15,2024,2.875
2022-06-15,2024,2.875
2022-06-15,2024,3.125
2022-06-15,2024,3.125
2022-06-15,2024,3.375
2022-06-15,2024,3.375
2022-06-15,2024,3.375
2022-06-15,2024,3.375
2022-06-15,2024,3.375
2022-06-15,2024,3.375
2022-06-15,2024,3.375
2022-06-15,2024,3.375
2022-06-15,2024,3.625
2022-06-15,2024,3.625
2022-06-15,2024,3.875
2022-06-15,2024,4.125
2022-06-15,Longer run,2.0
2022-06-15,Longer run,2.25
2022-06-15,Longer run,2.25
2022-06-15,Longer run,2.25
2022-06-15,Longer run,2.25
2022-06-15,Longer run,2.25
2022-06-15,Longer run,2.25
2022-06-15,Longer run,2.375
2022-06-15,Longer run,2.5
2022-06-15,Longer run,2.5
2022-06-15,Longer run,2.5
2022-06-15,Longer run,2.5
2022-06-15,Longer run,2.5
2022-06-15,Longer run,2.5
2022-06-15,Longer run,2.5
2022-06-15,Longer run,3.0
2022-06-15,Longer run,3.0
2022-09-21,2022,3.875
2022-09-21,2022,4.125
2022-09-21,2022,4.125
2022-09-21,2022,4.125
2022-09-21,2022,4.125
2022-09-21,2022,4.125
2022-09-21,2022,4.125
2022-09-21,2022,4.125
2022-09-21,2022,4.125
2022-09-21,2022,4.375
2022-09-21,2022,4.375
2022-09-21,2022,4.375
2022-09-21,2022,4.375
2022-09-21,2022,4.375
2022-09-21,2022,4.375
2022-09-21,2022,4.375
2022-09-21,2022,4.375
2022-09-21,2022,4.375
2022-09-21,2022,4.625
2022-09-21,2023,3.875
2022-09-21,2023,4.375
2022-09-21,2023,4.375
2022-09-21,2023,4.375
2022-09-21,2023,4.375
2022-09-21,2023,4.375
2022-09-21,2023,4.375
2022-09-21,2023,4.625
2022-09-21,2023,4.625
2022-09-21,2023,4.625
2022-09-21,2023,4.625
2022-09-21,2023,4.625
2022-09-21,2023,4.625
2022-09-21,2023,4.875
2022-09-21,2023,4.875
2022-09-21,2023,4.875
2022-09-21,2023,4.875
2022-09-21,2023,4.875
2022-09-21,2023,4.875
2022-09-21,2024,2.625
2022-09-21,2024,2.875
2022-09-21,2024,3.125
2022-09-21,2024,3.375
2022-09-21,2024,3.375
2022-09-21,2024,3.375
2022-09-21,2024,3.625
2022-09-21,2024,3.625
2022-09-21,2024,3.625
2022-09-21,2024,3.875
2022-09-21,2024,3.875
2022-09-21,2024,3.875
2022-09-21,2024,3.875
2022-09-21,2024,4.125
2022-09-21,2024,4.125
2022-09-21,2024,4.375
2022-09-21,2024,4.375
2022-09-21,2024,4.625
2022-09-21,2024,4.625
2022-09-21,2025,2.375
2022-09-21,2025,2.375
2022-09-21,2025,2.375
2022-09-21,2025,2.375
2022-09-21,2025,2.625
2022-09-21,2025,2.625
2022-09-21,2025,2.625
2022-09-21,2025,2.875
2022-09-21,2025,2.875
2022-09-21,2025,2.875
2022-09-21,2025,3.125
2022-09-21,2025,3.125
2022-09-21,2025,3.125
2022-09-21,2025,3.125
2022-09-21,2025,3.375
2022-09-21,2025,3.375
2022-09-21,2025,3.625
2022-09-21,2025,3.625
2022-09-21,2025,4.625
2022-09-21,Longer run,2.25
2022-09-21,Longer run,2.25
2022-09-21,Longer run,2.25
2022-09-21,Longer run,2.25
2022-09-21,Longer run,2.25
2022-09-21,Longer run,2.25
2022-09-21,Longer run,2.375
2022-09-21,Longer run,2.5
2022-09-21,Longer run,2.5
2022-09-21,Longer run,2.5
2022-09-21,Longer run,2.5
2022-09-21,Longer run,2.5
2022-09-21,Longer run,2.5
2022-09-21,Longer run,2.5
2022-09-21,Longer run,2.5
2022-09-21,Longer run,2.625
2022-09-21,Longer run,3.0
2022-09-21,Longer run,3.0
2022-12-14,2022,4.375
2022-12-14,2022,4.375
2022-12-14,2022,4.375
2022-12-14,2022,4.375
2022-12-14,2022,4.375
2022-12-14,2022,4.375
2022-12-14,2022,4.375
2022-12-14,2022,4.375
2022-12-14,2022,4.375
2022-12-14,2022,4.375
2022-12-14,2022,4.375
2022-12-14,2022,4.375
2022-12-14,2022,4.375
2022-12-14,2022,4.375
2022-12-14,2022,4.375
2022-12-14,2022,4.375
2022-12-14,2022,4.375
2022-12-14,2022,4.375
2022-12-14,2022,4.375
2022-12-14,2023,4.875
2022-12-14,2023,4.875
2022-12-14,2023,5.125
2022-12-14,2023,5.125
2022-12-14,2023,5.125
2022-12-14,2023,5.125
2022-12-14,2023,5.125
2022-12-14,2023,5.125
2022-12-14,2023,5.125
2022-12-14,2023,5.125
2022-12-14,2023,5.125
2022-12-14,2023,5.125
2022-12-14,2023,5.375
2022-12-14,2023,5.375
2022-12-14,2023,5.375
2022-12-14,2023,5.375
2022-12-14,2023,5.375
2022-12-14,2023,5.625
2022-12-14,2023,5.625
2022-12-14,2024,3.125
2022-12-14,2024,3.375
2022-12-14,2024,3.875
2022-12-14,2024,3.875
2022-12-14,2024,3.875
2022-12-14,2024,4.125
2022-12-14,2024,4.125
2022-12-14,2024,4.125
2022-12-14,2024,4.125
2022-12-14,2024,4.125
2022-12-14,2024,4.125
2022-12-14,2024,4.125
2022-12-14,2024,4.625
2022-12-14,2024,4.625
2022-12-14,2024,4.875
2022-12-14,2024,4.875
2022-12-14,2024,4.875
2022-12-14,2024,5.125
2022-12-14,2024,5.625
2022-12-14,2025,2.375
2022-12-14,2025,2.625
2022-12-14,2025,2.625
2022-12-14,2025,2.625
2022-12-14,2025,2.625
2022-12-14,2025,2.875
2022-12-14,2025,2.875
2022-12-14,2025,3.125
2022-12-14,2025,3.125
2022-12-14,2025,3.125
2022-12-14,2025,3.125
2022-12-14,2025,3.375
2022-12-14,2025,3.375
2022-12-14,2025,3.625
2022-12-14,2025,3.625
2022-12-14,2025,3.875
2022-12-14,2025,4.125
2022-12-14,2025,4.375
2022-12-14,2025,5.625
2022-12-14,Longer run,2.25
2022-12-14,Longer run,2.25
2022-12-14,Longer run,2.25
2022-12-14,Longer run,2.25
2022-12-14,Longer run,2.375
2022-12-14,Longer run,2.375
2022-12-14,Longer run,2.5
2022-12-14,Longer run,2.5
2022-12-14,Longer run,2.5
2022-12-14,Longer run,2.5
2022-12-14,Longer run,2.5
2022-12-14,Longer run,2.5
2022-12-14,Longer run,2.5
2022-12-14,Longer run,2.5
2022-12-14,Longer run,2.5
2022-12-14,Longer run,2.625
2022-12-14,Longer run,3.0
2022-12-14,Longer run,3.25
2023-03-22,2023,4.875
2023-03-22,2023,5.125
2023-03-22,2023,5.125
2023-03-22,2023,5.125
2023-03-22,2023,5.125
2023-03-22,2023,5.125
2023-03-22,2023,5.125
2023-03-22,2023,5.125
2023-03-22,2023,5.125
2023-03-22,2023,5.125
2023-03-22,2023,5.125
2023-03-22,2023,5.375
2023-03-22,2023,5.375
2023-03-22,2023,5.375
2023-03-22,2023,5.625
2023-03-22,2023,5.625
2023-03-22,2023,5.625
2023-03-22,2023,5.875
2023-03-22,2024,3.375
2023-03-22,2024,3.625
2023-03-22,2024,3.875
2023-03-22,2024,3.875
2023-03-22,2024,4.125
2023-03-22,2024,4.125
2023-03-22,2024,4.125
2023-03-22,2024,4.125
2023-03-22,2024,4.125
2023-03-22,2024,4.375
2023-03-22,2024,4.375
2023-03-22,2024,4.625
2023-03-22,2024,4.625
2023-03-22,2024,4.625
2023-03-22,2024,5.125
2023-03-22,2024,5.125
2023-03-22,2024,5.375
2023-03-22,2024,5.625
2023-03-22,2025,2.375
2023-03-22,2025,2.625
2023-03-22,2025,2.625
2023-03-22,2025,2.875
2023-03-22,2025,2.875
2023-03-22,2025,2.875
2023-03-22,2025,2.875
2023-03-22,2025,3.125
2023-03-22,2025,3.125
2023-03-22,2025,3.125
2023-03-22,2025,3.125
2023-03-22,2025,3.375
2023-03-22,2025,3.375
2023-03-22,2025,3.625
2023-03-22,2025,3.875
2023-03-22,2025,4.125
2023-03-22,2025,4.375
2023-03-22,2025,5.625
2023-03-22,Longer run,2.25
2023-03-22,Longer run,2.25
2023-03-22,Longer run,2.25
2023-03-22,Longer run,2.375
2023-03-22,Longer run,2.375
2023-03-22,Longer run,2.5
2023-03-22,Longer run,2.5
2023-03-22,Longer run,2.5
2023-03-22,Longer run,2.5
2023-03-22,Longer run,2.5
2023-03-22,Longer run,2.5
2023-03-22,Longer run,2.5
2023-03-22,Longer run,2.5
2023-03-22,Longer run,2.625
2023-03-22,Longer run,3.0
2023-03-22,Longer run,3.25
2023-03-22,Longer run,3.625
2023-06-14,2023,5.125
2023-06-14,2023,5.125
2023-06-14,2023,5.375
2023-06-14,2023,5.375
2023-06-14,2023,5.375
2023-06-14,2023,5.375
2023-06-14,2023,5.625
2023-06-14,2023,5.625
2023-06-14,2023,5.625
2023-06-14,2023,5.625
2023-06-14,2023,5.625
2023-06-14,2023,5.625
2023-06-14,2023,5.625
2023-06-14,2023,5.625
2023-06-14,2023,5.625
2023-06-14,2023,5.875
2023-06-14,2023,5.875
2023-06-14,2023,6.125
2023-06-14,2024,3.625
2023-06-14,2024,4.125
2023-06-14,2024,4.375
2023-06-14,2024,4.375
2023-06-14,2024,4.375
2023-06-14,2024,4.375
2023-06-14,2024,4.375
2023-06-14,2024,4.375
2023-06-14,2024,4.625
2023-06-14,2024,4.625
2023-06-14,2024,4.875
2023-06-14,2024,4.875
2023-06-14,2024,5.125
2023-06-14,2024,5.125
2023-06-14,2024,5.125
2023-06-14,2024,5.625
2023-06-14,2024,5.625
2023-06-14,2024,5.875
2023-06-14,2025,2.375
2023-06-14,2025,2.625
2023-06-14,2025,2.625
2023-06-14,2025,2.875
2023-06-14,2025,3.125
2023-06-14,2025,3.125
2023-06-14,2025,3.125
2023-06-14,2025,3.375
2023-06-14,2025,3.375
2023-06-14,2025,3.375
2023-06-14,2025,3.625
2023-06-14,2025,3.625
2023-06-14,2025,3.875
2023-06-14,2025,4.125
2023-06-14,2025,4.125
2023-06-14,2025,4.625
2023-06-14,2025,4.875
2023-06-14,2025,5.625
2023-06-14,Longer run,2.375
2023-06-14,Longer run,2.375
2023-06-14,Longer run,2.375
2023-06-14,Longer run,2.5
2023-06-14,Longer run,2.5
2023-06-14,Longer run,2.5
2023-06-14,Longer run,2.5
2023-06-14,Longer run,2.5
2023-06-14,Longer run,2.5
2023-06-14,Longer run,2.5
2023-06-14,Longer run,2.625
2023-06-14,Longer run,2.625
2023-06-14,Longer run,2.75
2023-06-14,Longer run,2.75
2023-06-14,Longer run,3.0
2023-06-14,Longer run,3.25
2023-06-14,Longer run,3.625
2023-09-20,2023,5.375
2023-09-20,2023,5.375
2023-09-20,2023,5.375
2023-09-20,2023,5.375
2023-09-20,2023,5.375
2023-09-20,2023,5.375
2023-09-20,2023,5.375
2023-09-20,2023,5.625
2023-09-20,2023,5.625
2023-09-20,2023,5.625
2023-09-20,2023,5.625
2023-09-20,2023,5.625
2023-09-20,2023,5.625
2023-09-20,2023,5.625
2023-09-20,2023,5.625
2023-09-20,2023,5.625
2023-09-20,2023,5.625
2023-09-20,2023,5.625
2023-09-20,2023,5.625
2023-09-20,2024,4.375
2023-09-20,2024,4.375
2023-09-20,2024,4.625
2023-09-20,2024,4.625
2023-09-20,2024,4.625
2023-09-20,2024,4.875
2023-09-20,2024,4.875
2023-09-20,2024,4.875
2023-09-20,2024,4.875
2023-09-20,2024,5.125
2023-09-20,2024,5.125
2023-09-20,2024,5.125
2023-09-20,2024,5.125
2023-09-20,2024,5.375
2023-09-20,2024,5.375
2023-09-20,2024,5.375
2023-09-20,2024,5.375
2023-09-20,2024,5.625
2023-09-20,2024,6.125
2023-09-20,2025,2.625
2023-09-20,2025,2.875
2023-09-20,2025,3.125
2023-09-20,2025,3.375
2023-09-20,2025,3.375
2023-09-20,2025,3.375
2023-09-20,2025,3.625
2023-09-20,2025,3.625
2023-09-20,2025,3.625
2023-09-20,2025,3.875
2023-09-20,2025,3.875
2023-09-20,2025,4.125
2023-09-20,2025,4.125
2023-09-20,2025,4.125
2023-09-20,2025,4.625
2023-09-20,2025,4.875
2023-09-20,2025,5.125
2023-09-20,2025,5.375
2023-09-20,2025,5.625
2023-09-20,2026,2.375
2023-09-20,2026,2.375
2023-09-20,2026,2.375
2023-09-20,2026,2.5
2023-09-20,2026,2.625
2023-09-20,2026,2.625
2023-09-20,2026,2.625
2023-09-20,2026,2.625
2023-09-20,2026,2.625
2023-09-20,2026,2.875
2023-09-20,2026,2.875
2023-09-20,2026,3.125
2023-09-20,2026,3.125
2023-09-20,2026,3.875
2023-09-20,2026,4.125
2023-09-20,2026,4.125
2023-09-20,2026,4.625
2023-09-20,2026,4.875
2023-09-20,2026,4.875
2023-09-20,Longer run,2.375
2023-09-20,Longer run,2.375
2023-09-20,Longer run,2.375
2023-09-20,Longer run,2.5
2023-09-20,Longer run,2.5
2023-09-20,Longer run,2.5
2023-09-20,Longer run,2.5
2023-09-20,Longer run,2.5
2023-09-20,Longer run,2.5
2023-09-20,Longer run,2.5
2023-09-20,Longer run,2.5
2023-09-20,Longer run,2.625
2023-09-20,Longer run,2.625
2023-09-20,Longer run,3.0
2023-09-20,Longer run,3.25
2023-09-20,Longer run,3.5
2023-09-20,Longer run,3.75
2023-09-20,Longer run,3.75
2023-12-13,2023,5.375
2023-12-13,2023,5.375
2023-12-13,2023,5.375
2023-12-13,2023,5.375
2023-12-13,2023,5.375
2023-12-13,2023,5.375
2023-12-13,2023,5.375
2023-12-13,2023,5.375
2023-12-13,2023,5.375
2023-12-13,2023,5.375
2023-12-13,2023,5.375
2023-12-13,2023,5.375
2023-12-13,2023,5.375
2023-12-13,2023,5.375
2023-12-13,2023,5.375
2023-12-13,2023,5.375
2023-12-13,2023,5.375
2023-12-13,2023,5.375
2023-12-13,2023,5.375
2023-12-13,2024,3.875
2023-12-13,2024,4.375
2023-12-13,2024,4.375
2023-12-13,2024,4.375
2023-12-13,2024,4.375
2023-12-13,2024,4.625
2023-12-13,2024,4.625
2023-12-13,2024,4.625
2023-12-13,2024,4.625
2023-12-13,2024,4.625
2023-12-13,2024,4.625
2023-12-13,2024,4.875
2023-12-13,2024,4.875
2023-12-13,2024,4.875
2023-12-13,2024,4.875
2023-12-13,2024,4.875
2023-12-13,2024,5.125
2023-12-13,2024,5.375
2023-12-13,2024,5.375
2023-12-13,2025,2.375
2023-12-13,2025,2.875
2023-12-13,2025,3.125
2023-12-13,2025,3.125
2023-12-13,2025,3.375
2023-12-13,2025,3.375
2023-12-13,2025,3.375
2023-12-13,2025,3.375
2023-12-13,2025,3.375
2023-12-13,2025,3.625
2023-12-13,2025,3.625
2023-12-13,2025,3.625
2023-12-13,2025,3.875
2023-12-13,2025,3.875
2023-12-13,2025,3.875
2023-12-13,2025,3.875
2023-12-13,2025,4.125
2023-12-13,2025,4.375
2023-12-13,2025,5.375
2023-12-13,2026,2.375
2023-12-13,2026,2.375
2023-12-13,2026,2.375
2023-12-13,2026,2.5
2023-12-13,2026,2.625
2023-12-13,2026,2.625
2023-12-13,2026,2.625
2023-12-13,2026,2.625
2023-12-13,2026,2.875
2023-12-13,2026,2.875
2023-12-13,2026,2.875
2023-12-13,2026,2.875
2023-12-13,2026,3.125
2023-12-13,2026,3.125
2023-12-13,2026,3.125
2023-12-13,2026,3.125
2023-12-13,2026,3.375
2023-12-13,2026,3.625
2023-12-13,2026,4.875
2023-12-13,Longer run,2.375
2023-12-13,Longer run,2.375
2023-12-13,Longer run,2.375
2023-12-13,Longer run,2.5
2023-12-13,Longer run,2.5
2023-12-13,Longer run,2.5
2023-12-13,Longer run,2.5
2023-12-13,Longer run,2.5
2023-12-13,Longer run,2.5
2023-12-13,Longer run,2.5
2023-12-13,Longer run,2.5
2023-12-13,Longer run,2.625
2023-12-13,Longer run,2.75
2023-12-13,Longer run,2.875
2023-12-13,Longer run,3.0
2023-12-13,Longer run,3.5
2023-12-13,Longer run,3.5
2023-12-13,Longer run,3.75
2024-03-20,2024,4.375
2024-03-20,2024,4.625
2024-03-20,2024,4.625
2024-03-20,2024,4.625
2024-03-20,2024,4.625
2024-03-20,2024,4.625
2024-03-20,2024,4.625
2024-03-20,2024,4.625
2024-03-20,2024,4.625
2024-03-20,2024,4.625
2024-03-20,2024,4.875
2024-03-20,2024,4.875
2024-03-20,2024,4.875
2024-03-20,2024,4.875
2024-03-20,2024,4.875
2024-03-20,2024,5.125
2024-03-20,2024,5.125
2024-03-20,2024,5.375
2024-03-20,2024,5.375
2024-03-20,2025,2.625
2024-03-20,2025,3.125
2024-03-20,2025,3.125
2024-03-20,2025,3.375
2024-03-20,2025,3.625
2024-03-20,2025,3.625
2024-03-20,2025,3.625
2024-03-20,2025,3.625
2024-03-20,2025,3.625
2024-03-20,2025,3.875
2024-03-20,2025,3.875
2024-03-20,2025,3.875
2024-03-20,2025,3.875
2024-03-20,2025,3.875
2024-03-20,2025,3.875
2024-03-20,2025,4.125
2024-03-20,2025,4.375
2024-03-20,2025,4.375
2024-03-20,2025,5.375
2024-03-20,2026,2.375
2024-03-20,2026,2.375
2024-03-20,2026,2.5
2024-03-20,2026,2.625
2024-03-20,2026,2.875
2024-03-20,2026,2.875
2024-03-20,2026,2.875
2024-03-20,2026,2.875
2024-03-20,2026,2.875
2024-03-20,2026,3.125
2024-03-20,2026,3.125
2024-03-20,2026,3.125
2024-03-20,2026,3.125
2024-03-20,2026,3.125
2024-03-20,2026,3.125
2024-03-20,2026,3.375
2024-03-20,2026,3.375
2024-03-20,2026,3.625
2024-03-20,2026,4.875
2024-03-20,Longer run,2.375
2024-03-20,Longer run,2.5
2024-03-20,Longer run,2.5
2024-03-20,Longer run,2.5
2024-03-20,Longer run,2.5
2024-03-20,Longer run,2.5
2024-03-20,Longer run,2.5
2024-03-20,Longer run,2.5
2024-03-20,Longer run,2.5
2024-03-20,Longer run,2.625
2024-03-20,Longer run,2.75
2024-03-20,Longer run,3.0
2024-03-20,Longer run,3.0
2024-03-20,Longer run,3.0
2024-03-20,Longer run,3.125
2024-03-20,Longer run,3.5
2024-03-20,Longer run,3.5
2024-03-20,Longer run,3.75
2024-06-12,2024,4.875
2024-06-12,2024,4.875
2024-06-12,2024,4.875
2024-06-12,2024,4.875
2024-06-12,2024,4.875
2024-06-12,2024,4.875
2024-06-12,2024,4.875
2024-06-12,2024,4.875
2024-06-12,2024,5.125
2024-06-12,2024,5.125
2024-06-12,2024,5.125
2024-06-12,2024,5.125
2024-06-12,2024,5.125
2024-06-12,2024,5.125
2024-06-12,2024,5.125
2024-06-12,2024,5.375
2024-06-12,2024,5.375
2024-06-12,2024,5.375
2024-06-12,2024,5.375
2024-06-12,2025,2.875
2024-06-12,2025,3.625
2024-06-12,2025,3.875
2024-06-12,2025,3.875
2024-06-12,2025,4.125
2024-06-12,2025,4.125
2024-06-12,2025,4.125
2024-06-12,2025,4.125
2024-06-12,2025,4.125
2024-06-12,2025,4.125
2024-06-12,2025,4.125
2024-06-12,2025,4.125
2024-06-12,2025,4.125
2024-06-12,2025,4.375
2024-06-12,2025,4.375
2024-06-12,2025,4.375
2024-06-12,2025,4.375
2024-06-12,2025,4.875
2024-06-12,2025,5.375
2024-06-12,2026,2.375
2024-06-12,2026,2.625
2024-06-12,2026,2.875
2024-06-12,2026,2.875
2024-06-12,2026,3.125
2024-06-12,2026,3.125
2024-06-12,2026,3.125
2024-06-12,2026,3.125
2024-06-12,2026,3.125
2024-06-12,2026,3.125
2024-06-12,2026,3.125
2024-06-12,2026,3.375
2024-06-12,2026,3.375
2024-06-12,2026,3.375
2024-06-12,2026,3.625
2024-06-12,2026,3.625
2024-06-12,2026,3.625
2024-06-12,2026,4.125
2024-06-12,2026,4.875
2024-06-12,Longer run,2.375
2024-06-12,Longer run,2.5
2024-06-12,Longer run,2.5
2024-06-12,Longer run,2.5
2024-06-12,Longer run,2.5
2024-06-12,Longer run,2.5
2024-06-12,Longer run,2.625
2024-06-12,Longer run,2.75
2024-06-12,Longer run,2.75
2024-06-12,Longer run,2.75
2024-06-12,Longer run,3.0
2024-06-12,Longer run,3.0
2024-06-12,Longer run,3.0
2024-06-12,Longer run,3.0
2024-06-12,Longer run,3.125
2024-06-12,Longer run,3.5
2024-06-12,Longer run,3.5
2024-06-12,Longer run,3.625
2024-06-12,Longer run,3.75
2024-09-18,2024,4.125
2024-09-18,2024,4.375
2024-09-18,2024,4.375
2024-09-18,2024,4.375
2024-09-18,2024,4.375
2024-09-18,2024,4.375
2024-09-18,2024,4.375
2024-09-18,2024,4.375
2024-09-18,2024,4.375
2024-09-18,2024,4.375
2024-09-18,2024,4.625
2024-09-18,2024,4.625
2024-09-18,2024,4.625
2024-09-18,2024,4.625
2024-09-18,2024,4.625
2024-09-18,2024,4.625
2024-09-18,2024,4.625
2024-09-18,2024,4.875
2024-09-18,2024,4.875
2024-09-18,2025,2.875
2024-09-18,2025,2.875
2024-09-18,2025,3.125
2024-09-18,2025,3.125
2024-09-18,2025,3.125
2024-09-18,2025,3.125
2024-09-18,2025,3.125
2024-09-18,2025,3.125
2024-09-18,2025,3.375
2024-09-18,2025,3.375
2024-09-18,2025,3.375
2024-09-18,2025,3.375
2024-09-18,2025,3.375
2024-09-18,2025,3.375
2024-09-18,2025,3.625
2024-09-18,2025,3.625
2024-09-18,2025,3.625
2024-09-18,2025,3.875
2024-09-18,2025,4.125
2024-09-18,2026,2.375
2024-09-18,2026,2.625
2024-09-18,2026,2.625
2024-09-18,2026,2.625
2024-09-18,2026,2.875
2024-09-18,2026,2.875
2024-09-18,2026,2.875
2024-09-18,2026,2.875
2024-09-18,2026,2.875
2024-09-18,2026,2.875
2024-09-18,2026,3.125
2024-09-18,2026,3.125
2024-09-18,2026,3.375
2024-09-18,2026,3.375
2024-09-18,2026,3.375
2024-09-18,2026,3.625
2024-09-18,2026,3.625
2024-09-18,2026,3.625
2024-09-18,2026,3.875
2024-09-18,2027,2.375
2024-09-18,2027,2.375
2024-09-18,2027,2.625
2024-09-18,2027,2.625
2024-09-18,2027,2.625
2024-09-18,2027,2.875
2024-09-18,2027,2.875
2024-09-18,2027,2.875
2024-09-18,2027,2.875
2024-09-18,2027,2.875
2024-09-18,2027,3.125
2024-09-18,2027,3.125
2024-09-18,2027,3.375
2024-09-18,2027,3.375
2024-09-18,2027,3.375
2024-09-18,2027,3.625
2024-09-18,2027,3.625
2024-09-18,2027,3.625
2024-09-18,2027,3.875
2024-09-18,Longer run,2.375
2024-09-18,Longer run,2.5
2024-09-18,Longer run,2.5
2024-09-18,Longer run,2.5
2024-09-18,Longer run,2.625
2024-09-18,Longer run,2.75
2024-09-18,Longer run,2.75
2024-09-18,Longer run,2.75
2024-09-18,Longer run,2.875
2024-09-18,Longer run,2.875
2024-09-18,Longer run,3.0
2024-09-18,Longer run,3.0
2024-09-18,Longer run,3.25
2024-09-18,Longer run,3.375
2024-09-18,Longer run,3.375
2024-09-18,Longer run,3.5
2024-09-18,Longer run,3.5
2024-09-18,Longer run,3.625
2024-09-18,Longer run,3.75
2024-12-18,2024,4.375
2024-12-18,2024,4.375
2024-12-18,2024,4.375
2024-12-18,2024,4.375
2024-12-18,2024,4.375
2024-12-18,2024,4.375
2024-12-18,2024,4.375
2024-12-18,2024,4.375
2024-12-18,2024,4.375
2024-12-18,2024,4.375
2024-12-18,2024,4.375
2024-12-18,2024,4.375
2024-12-18,2024,4.375
2024-12-18,2024,4.375
2024-12-18,2024,4.375
2024-12-18,2024,4.625
2024-12-18,2024,4.625
2024-12-18,2024,4.625
2024-12-18,2024,4.625
2024-12-18,2025,3.125
2024-12-18,2025,3.375
2024-12-18,2025,3.625
2024-12-18,2025,3.625
2024-12-18,2025,3.625
2024-12-18,2025,3.875
2024-12-18,2025,3.875
2024-12-18,2025,3.875
2024-12-18,2025,3.875
2024-12-18,2025,3.875
2024-12-18,2025,3.875
2024-12-18,2025,3.875
2024-12-18,2025,3.875
2024-12-18,2025,3.875
2024-12-18,2025,3.875
2024-12-18,2025,4.125
2024-12-18,2025,4.125
2024-12-18,2025,4.125
2024-12-18,2025,4.375
2024-12-18,2026,2.375
2024-12-18,2026,2.75
2024-12-18,2026,2.875
2024-12-18,2026,3.125
2024-12-18,2026,3.125
2024-12-18,2026,3.125
2024-12-18,2026,3.125
2024-12-18,2026,3.375
2024-12-18,2026,3.375
2024-12-18,2026,3.375
2024-12-18,2026,3.375
2024-12-18,2026,3.375
2024-12-18,2026,3.625
2024-12-18,2026,3.625
2024-12-18,2026,3.625
2024-12-18,2026,3.625
2024-12-18,2026,3.875
2024-12-18,2026,3.875
2024-12-18,2026,3.875
2024-12-18,2027,2.375
2024-12-18,2027,2.625
2024-12-18,2027,2.75
2024-12-18,2027,2.875
2024-12-18,2027,2.875
2024-12-18,2027,3.125
2024-12-18,2027,3.125
2024-12-18,2027,3.125
2024-12-18,2027,3.125
2024-12-18,2027,3.125
2024-12-18,2027,3.125
2024-12-18,2027,3.125
2024-12-18,2027,3.375
2024-12-18,2027,3.625
2024-12-18,2027,3.625
2024-12-18,2027,3.625
2024-12-18,2027,3.625
2024-12-18,2027,3.875
2024-12-18,2027,3.875
2024-12-18,Longer run,2.375
2024-12-18,Longer run,2.5
2024-12-18,Longer run,2.625
2024-12-18,Longer run,2.75
2024-12-18,Longer run,2.875
2024-12-18,Longer run,2.875
2024-12-18,Longer run,2.875
2024-12-18,Longer run,2.875
2024-12-18,Longer run,3.0
2024-12-18,Longer run,3.0
2024-12-18,Longer run,3.0
2024-12-18,Longer run,3.125
2024-12-18,Longer run,3.375
2024-12-18,Longer run,3.5
2024-12-18,Longer run,3.5
2024-12-18,Longer run,3.625
2024-12-18,Longer run,3.625
2024-12-18,Longer run,3.75
2024-12-18,Longer run,3.875
2025-03-19,2025,3.625
2025-03-19,2025,3.625
2025-03-19,2025,3.875
2025-03-19,2025,3.875
2025-03-19,2025,3.875
2025-03-19,2025,3.875
2025-03-19,2025,3.875
2025-03-19,2025,3.875
2025-03-19,2025,3.875
2025-03-19,2025,3.875
2025-03-19,2025,3.875
2025-03-19,2025,4.125
2025-03-19,2025,4.125
2025-03-19,2025,4.125
2025-03-19,2025,4.125
2025-03-19,2025,4.375
2025-03-19,2025,4.375
2025-03-19,2025,4.375
2025-03-19,2025,4.375
2025-03-19,2026,2.875
2025-03-19,2026,2.875
2025-03-19,2026,2.875
2025-03-19,2026,3.125
2025-03-19,2026,3.375
2025-03-19,2026,3.375
2025-03-19,2026,3.375
2025-03-19,2026,3.375
2025-03-19,2026,3.375
2025-03-19,2026,3.375
2025-03-19,2026,3.375
2025-03-19,2026,3.375
2025-03-19,2026,3.375
2025-03-19,2026,3.625
2025-03-19,2026,3.625
2025-03-19,2026,3.875
2025-03-19,2026,4.125
2025-03-19,2026,4.125
2025-03-19,2026,4.125
2025-03-19,2027,2.625
2025-03-19,2027,2.625
2025-03-19,2027,2.875
2025-03-19,2027,2.875
2025-03-19,2027,2.875
2025-03-19,2027,3.125
2025-03-19,2027,3.125
2025-03-19,2027,3.125
2025-03-19,2027,3.125
2025-03-19,2027,3.125
2025-03-19,2027,3.125
2025-03-19,2027,3.375
2025-03-19,2027,3.375
2025-03-19,2027,3.625
2025-03-19,2027,3.625
2025-03-19,2027,3.625
2025-03-19,2027,3.625
2025-03-19,2027,3.875
2025-03-19,2027,3.875
2025-03-19,Longer run,2.5
2025-03-19,Longer run,2.5
2025-03-19,Longer run,2.625
2025-03-19,Longer run,2.625
2025-03-19,Longer run,2.875
2025-03-19,Longer run,2.875
2025-03-19,Longer run,2.875
2025-03-19,Longer run,2.875
2025-03-19,Longer run,3.0
2025-03-19,Longer run,3.0
2025-03-19,Longer run,3.0
2025-03-19,Longer run,3.125
2025-03-19,Longer run,3.375
2025-03-19,Longer run,3.5
2025-03-19,Longer run,3.5
2025-03-19,Longer run,3.625
2025-03-19,Longer run,3.625
2025-03-19,Longer run,3.75
2025-03-19,Longer run,3.875
2025-06-18,2025,3.625
2025-06-18,2025,3.625
2025-06-18,2025,3.875
2025-06-18,2025,3.875
2025-06-18,2025,3.875
2025-06-18,2025,3.875
2025-06-18,2025,3.875
2025-06-18,2025,3.875
2025-06-18,2025,3.875
2025-06-18,2025,3.875
2025-06-18,2025,4.125
2025-06-18,2025,4.125
2025-06-18,2025,4.375
2025-06-18,2025,4.375
2025-06-18,2025,4.375
2025-06-18,2025,4.375
2025-06-18,2025,4.375
2025-06-18,2025,4.375
2025-06-18,2025,4.375
2025-06-18,2026,2.625
2025-06-18,2026,2.875
2025-06-18,2026,3.125
2025-06-18,2026,3.125
2025-06-18,2026,3.375
2025-06-18,2026,3.375
2025-06-18,2026,3.375
2025-06-18,2026,3.375
2025-06-18,2026,3.375
2025-06-18,2026,3.625
2025-06-18,2026,3.625
2025-06-18,2026,3.625
2025-06-18,2026,3.625
2025-06-18,2026,3.875
2025-06-18,2026,3.875
2025-06-18,2026,3.875
2025-06-18,2026,3.875
2025-06-18,2026,3.875
2025-06-18,2026,4.125
2025-06-18,2027,2.625
2025-06-18,2027,2.625
2025-06-18,2027,2.875
2025-06-18,2027,2.875
2025-06-18,2027,2.875
2025-06-18,2027,3.125
2025-06-18,2027,3.125
2025-06-18,2027,3.125
2025-06-18,2027,3.375
2025-06-18,2027,3.375
2025-06-18,2027,3.375
2025-06-18,2027,3.375
2025-06-18,2027,3.375
2025-06-18,2027,3.375
2025-06-18,2027,3.625
2025-06-18,2027,3.625
2025-06-18,2027,3.625
2025-06-18,2027,3.875
2025-06-18,2027,3.875
2025-06-18,Longer run,2.5
2025-06-18,Longer run,2.5
2025-06-18,Longer run,2.625
2025-06-18,Longer run,2.625
2025-06-18,Longer run,2.875
2025-06-18,Longer run,2.875
2025-06-18,Longer run,2.875
2025-06-18,Longer run,2.875
2025-06-18,Longer run,3.0
2025-06-18,Longer run,3.0
2025-06-18,Longer run,3.0
2025-06-18,Longer run,3.125
2025-06-18,Longer run,3.375
2025-06-18,Longer run,3.5
2025-06-18,Longer run,3.5
2025-06-18,Longer run,3.625
2025-06-18,Longer run,3.625
2025-06-18,Longer run,3.75
2025-06-18,Longer run,3.875
2025-09-17,2025,2.875
2025-09-17,2025,3.625
2025-09-17,2025,3.625
2025-09-17,2025,3.625
2025-09-17,2025,3.625
2025-09-17,2025,3.625
2025-09-17,2025,3.625
2025-09-17,2025,3.625
2025-09-17,2025,3.625
2025-09-17,2025,3.625
2025-09-17,2025,3.875
2025-09-17,2025,3.875
2025-09-17,2025,4.125
2025-09-17,2025,4.125
2025-09-17,2025,4.125
2025-09-17,2025,4.125
2025-09-17,2025,4.125
2025-09-17,2025,4.125
2025-09-17,2025,4.375
2025-09-17,2026,2.625
2025-09-17,2026,2.625
2025-09-17,2026,2.875
2025-09-17,2026,2.875
2025-09-17,2026,2.875
2025-09-17,2026,3.125
2025-09-17,2026,3.125
2025-09-17,2026,3.125
2025-09-17,2026,3.125
2025-09-17,2026,3.375
2025-09-17,2026,3.375
2025-09-17,2026,3.625
2025-09-17,2026,3.625
2025-09-17,2026,3.625
2025-09-17,2026,3.625
2025-09-17,2026,3.625
2025-09-17,2026,3.625
2025-09-17,2026,3.875
2025-09-17,2026,3.875
2025-09-17,2027,2.375
2025-09-17,2027,2.625
2025-09-17,2027,2.625
2025-09-17,2027,2.875
2025-09-17,2027,2.875
2025-09-17,2027,2.875
2025-09-17,2027,3.125
2025-09-17,2027,3.125
2025-09-17,2027,3.125
2025-09-17,2027,3.125
2025-09-17,2027,3.125
2025-09-17,2027,3.125
2025-09-17,2027,3.125
2025-09-17,2027,3.375
2025-09-17,2027,3.375
2025-09-17,2027,3.625
2025-09-17,2027,3.625
2025-09-17,2027,3.875
2025-09-17,2027,3.875
2025-09-17,2028,2.625
2025-09-17,2028,2.625
2025-09-17,2028,2.625
2025-09-17,2028,2.75
2025-09-17,2028,2.875
2025-09-17,2028,2.875
2025-09-17,2028,2.875
2025-09-17,2028,2.875
2025-09-17,2028,3.125
2025-09-17,2028,3.125
2025-09-17,2028,3.125
2025-09-17,2028,3.125
2025-09-17,2028,3.125
2025-09-17,2028,3.375
2025-09-17,2028,3.375
2025-09-17,2028,3.625
2025-09-17,2028,3.625
2025-09-17,2028,3.875
2025-09-17,2028,3.875
2025-09-17,Longer run,2.625
2025-09-17,Longer run,2.625
2025-09-17,Longer run,2.625
2025-09-17,Longer run,2.75
2025-09-17,Longer run,2.75
2025-09-17,Longer run,2.875
2025-09-17,Longer run,3.0
2025-09-17,Longer run,3.0
2025-09-17,Longer run,3.0
2025-09-17,Longer run,3.0
2025-09-17,Longer run,3.125
2025-09-17,Longer run,3.125
2025-09-17,Longer run,3.25
2025-09-17,Longer run,3.375
2025-09-17,Longer run,3.375
2025-09-17,Longer run,3.5
2025-09-17,Longer run,3.625
2025-09-17,Longer run,3.75
2025-09-17,Longer run,3.875
2025-12-10,2025,3.375
2025-12-10,2025,3.625
2025-12-10,2025,3.625
2025-12-10,2025,3.625
2025-12-10,2025,3.625
2025-12-10,2025,3.625
2025-12-10,2025,3.625
2025-12-10,2025,3.625
2025-12-10,2025,3.625
2025-12-10,2025,3.625
2025-12-10,2025,3.625
2025-12-10,2025,3.625
2025-12-10,2025,3.625
2025-12-10,2025,3.875
2025-12-10,2025,3.875
2025-12-10,2025,3.875
2025-12-10,2025,3.875
2025-12-10,2025,3.875
2025-12-10,2025,3.875
2025-12-10,2026,2.125
2025-12-10,2026,2.625
2025-12-10,2026,2.875
2025-12-10,2026,2.875
2025-12-10,2026,3.125
2025-12-10,2026,3.125
2025-12-10,2026,3.125
2025-12-10,2026,3.125
2025-12-10,2026,3.375
2025-12-10,2026,3.375
2025-12-10,2026,3.375
2025-12-10,2026,3.375
2025-12-10,2026,3.625
2025-12-10,2026,3.625
2025-12-10,2026,3.625
2025-12-10,2026,3.625
2025-12-10,2026,3.875
2025-12-10,2026,3.875
2025-12-10,2026,3.875
2025-12-10,2027,2.375
2025-12-10,2027,2.625
2025-12-10,2027,2.625
2025-12-10,2027,2.875
2025-12-10,2027,2.875
2025-12-10,2027,2.875
2025-12-10,2027,3.125
2025-12-10,2027,3.125
2025-12-10,2027,3.125
2025-12-10,2027,3.125
2025-12-10,2027,3.125
2025-12-10,2027,3.125
2025-12-10,2027,3.375
2025-12-10,2027,3.375
2025-12-10,2027,3.375
2025-12-10,2027,3.625
2025-12-10,2027,3.625
2025-12-10,2027,3.875
2025-12-10,2027,3.875
2025-12-10,2028,2.625
2025-12-10,2028,2.625
2025-12-10,2028,2.625
2025-12-10,2028,2.75
2025-12-10,2028,2.875
2025-12-10,2028,2.875
2025-12-10,2028,2.875
2025-12-10,2028,3.125
2025-12-10,2028,3.125
2025-12-10,2028,3.125
2025-12-10,2028,3.125
2025-12-10,2028,3.125
2025-12-10,2028,3.125
2025-12-10,2028,3.375
2025-12-10,2028,3.375
2025-12-10,2028,3.625
2025-12-10,2028,3.625
2025-12-10,2028,3.875
2025-12-10,2028,3.875
2025-12-10,Longer run,2.625
2025-12-10,Longer run,2.625
2025-12-10,Longer run,2.625
2025-12-10,Longer run,2.75
2025-12-10,Longer run,2.875
2025-12-10,Longer run,3.0
2025-12-10,Longer run,3.0
2025-12-10,Longer run,3.0
2025-12-10,Longer run,3.0
2025-12-10,Longer run,3.0
2025-12-10,Longer run,3.125
2025-12-10,Longer run,3.125
2025-12-10,Longer run,3.25
2025-12-10,Longer run,3.375
2025-12-10,Longer run,3.375
2025-12-10,Longer run,3.5
2025-12-10,Longer run,3.625
2025-12-10,Longer run,3.75
2025-12-10,Longer run,3.875
